descriptor_1_downloader,descriptor_1_extensions,descriptor_1_icon,descriptor_1_path,descriptor_1_port,descriptor_1_readonly,descriptor_1_theme,emulatorList_1_emulator_1_core_1_arcade_1_file,emulatorList_1_emulator_1_core_1_arcade_1_ignore,emulatorList_1_emulator_1_core_1_compatibility,emulatorList_1_emulator_1_core_1_crt.available,emulatorList_1_emulator_1_core_1_extensions,emulatorList_1_emulator_1_core_1_name,emulatorList_1_emulator_1_core_1_netplay,emulatorList_1_emulator_1_core_1_priority,emulatorList_1_emulator_1_core_1_softpatching,emulatorList_1_emulator_1_core_1_speed,emulatorList_1_emulator_1_core_2_arcade_1_file,emulatorList_1_emulator_1_core_2_arcade_1_ignore,emulatorList_1_emulator_1_core_2_compatibility,emulatorList_1_emulator_1_core_2_crt.available,emulatorList_1_emulator_1_core_2_extensions,emulatorList_1_emulator_1_core_2_name,emulatorList_1_emulator_1_core_2_netplay,emulatorList_1_emulator_1_core_2_priority,emulatorList_1_emulator_1_core_2_softpatching,emulatorList_1_emulator_1_core_2_speed,emulatorList_1_emulator_1_core_3_arcade_1_file,emulatorList_1_emulator_1_core_3_arcade_1_ignore,emulatorList_1_emulator_1_core_3_compatibility,emulatorList_1_emulator_1_core_3_crt.available,emulatorList_1_emulator_1_core_3_extensions,emulatorList_1_emulator_1_core_3_name,emulatorList_1_emulator_1_core_3_netplay,emulatorList_1_emulator_1_core_3_priority,emulatorList_1_emulator_1_core_3_softpatching,emulatorList_1_emulator_1_core_3_speed,emulatorList_1_emulator_1_core_4_arcade_1_file,emulatorList_1_emulator_1_core_4_arcade_1_ignore,emulatorList_1_emulator_1_core_4_compatibility,emulatorList_1_emulator_1_core_4_crt.available,emulatorList_1_emulator_1_core_4_extensions,emulatorList_1_emulator_1_core_4_name,emulatorList_1_emulator_1_core_4_netplay,emulatorList_1_emulator_1_core_4_priority,emulatorList_1_emulator_1_core_4_softpatching,emulatorList_1_emulator_1_core_4_speed,emulatorList_1_emulator_1_core_5_arcade_1_file,emulatorList_1_emulator_1_core_5_arcade_1_ignore,emulatorList_1_emulator_1_core_5_compatibility,emulatorList_1_emulator_1_core_5_crt.available,emulatorList_1_emulator_1_core_5_extensions,emulatorList_1_emulator_1_core_5_name,emulatorList_1_emulator_1_core_5_netplay,emulatorList_1_emulator_1_core_5_priority,emulatorList_1_emulator_1_core_5_softpatching,emulatorList_1_emulator_1_core_5_speed,emulatorList_1_emulator_1_core_6_compatibility,emulatorList_1_emulator_1_core_6_crt.available,emulatorList_1_emulator_1_core_6_extensions,emulatorList_1_emulator_1_core_6_name,emulatorList_1_emulator_1_core_6_netplay,emulatorList_1_emulator_1_core_6_priority,emulatorList_1_emulator_1_core_6_softpatching,emulatorList_1_emulator_1_core_6_speed,emulatorList_1_emulator_1_core_7_compatibility,emulatorList_1_emulator_1_core_7_crt.available,emulatorList_1_emulator_1_core_7_extensions,emulatorList_1_emulator_1_core_7_name,emulatorList_1_emulator_1_core_7_netplay,emulatorList_1_emulator_1_core_7_priority,emulatorList_1_emulator_1_core_7_softpatching,emulatorList_1_emulator_1_core_7_speed,emulatorList_1_emulator_1_core_8_compatibility,emulatorList_1_emulator_1_core_8_crt.available,emulatorList_1_emulator_1_core_8_extensions,emulatorList_1_emulator_1_core_8_name,emulatorList_1_emulator_1_core_8_netplay,emulatorList_1_emulator_1_core_8_priority,emulatorList_1_emulator_1_core_8_softpatching,emulatorList_1_emulator_1_core_8_speed,emulatorList_1_emulator_1_core_9_compatibility,emulatorList_1_emulator_1_core_9_crt.available,emulatorList_1_emulator_1_core_9_extensions,emulatorList_1_emulator_1_core_9_name,emulatorList_1_emulator_1_core_9_netplay,emulatorList_1_emulator_1_core_9_priority,emulatorList_1_emulator_1_core_9_softpatching,emulatorList_1_emulator_1_core_9_speed,emulatorList_1_emulator_1_name,emulatorList_1_emulator_2_core_1_arcade_1_file,emulatorList_1_emulator_2_core_1_arcade_1_ignore,emulatorList_1_emulator_2_core_1_compatibility,emulatorList_1_emulator_2_core_1_crt.available,emulatorList_1_emulator_2_core_1_extensions,emulatorList_1_emulator_2_core_1_name,emulatorList_1_emulator_2_core_1_netplay,emulatorList_1_emulator_2_core_1_priority,emulatorList_1_emulator_2_core_1_softpatching,emulatorList_1_emulator_2_core_1_speed,emulatorList_1_emulator_2_core_2_compatibility,emulatorList_1_emulator_2_core_2_crt.available,emulatorList_1_emulator_2_core_2_extensions,emulatorList_1_emulator_2_core_2_name,emulatorList_1_emulator_2_core_2_netplay,emulatorList_1_emulator_2_core_2_priority,emulatorList_1_emulator_2_core_2_softpatching,emulatorList_1_emulator_2_core_2_speed,emulatorList_1_emulator_2_core_3_compatibility,emulatorList_1_emulator_2_core_3_crt.available,emulatorList_1_emulator_2_core_3_extensions,emulatorList_1_emulator_2_core_3_name,emulatorList_1_emulator_2_core_3_netplay,emulatorList_1_emulator_2_core_3_priority,emulatorList_1_emulator_2_core_3_softpatching,emulatorList_1_emulator_2_core_3_speed,emulatorList_1_emulator_2_core_4_compatibility,emulatorList_1_emulator_2_core_4_crt.available,emulatorList_1_emulator_2_core_4_extensions,emulatorList_1_emulator_2_core_4_name,emulatorList_1_emulator_2_core_4_netplay,emulatorList_1_emulator_2_core_4_priority,emulatorList_1_emulator_2_core_4_softpatching,emulatorList_1_emulator_2_core_4_speed,emulatorList_1_emulator_2_core_5_compatibility,emulatorList_1_emulator_2_core_5_crt.available,emulatorList_1_emulator_2_core_5_extensions,emulatorList_1_emulator_2_core_5_name,emulatorList_1_emulator_2_core_5_netplay,emulatorList_1_emulator_2_core_5_priority,emulatorList_1_emulator_2_core_5_softpatching,emulatorList_1_emulator_2_core_5_speed,emulatorList_1_emulator_2_core_6_compatibility,emulatorList_1_emulator_2_core_6_crt.available,emulatorList_1_emulator_2_core_6_extensions,emulatorList_1_emulator_2_core_6_name,emulatorList_1_emulator_2_core_6_netplay,emulatorList_1_emulator_2_core_6_priority,emulatorList_1_emulator_2_core_6_softpatching,emulatorList_1_emulator_2_core_6_speed,emulatorList_1_emulator_2_core_7_compatibility,emulatorList_1_emulator_2_core_7_crt.available,emulatorList_1_emulator_2_core_7_extensions,emulatorList_1_emulator_2_core_7_name,emulatorList_1_emulator_2_core_7_netplay,emulatorList_1_emulator_2_core_7_priority,emulatorList_1_emulator_2_core_7_softpatching,emulatorList_1_emulator_2_core_7_speed,emulatorList_1_emulator_2_core_8_compatibility,emulatorList_1_emulator_2_core_8_crt.available,emulatorList_1_emulator_2_core_8_extensions,emulatorList_1_emulator_2_core_8_name,emulatorList_1_emulator_2_core_8_netplay,emulatorList_1_emulator_2_core_8_priority,emulatorList_1_emulator_2_core_8_softpatching,emulatorList_1_emulator_2_core_8_speed,emulatorList_1_emulator_2_core_9_compatibility,emulatorList_1_emulator_2_core_9_crt.available,emulatorList_1_emulator_2_core_9_extensions,emulatorList_1_emulator_2_core_9_name,emulatorList_1_emulator_2_core_9_netplay,emulatorList_1_emulator_2_core_9_priority,emulatorList_1_emulator_2_core_9_softpatching,emulatorList_1_emulator_2_core_9_speed,emulatorList_1_emulator_2_name,fullname,name,properties_1_crt.multiregion,properties_1_crt.multiresolution,properties_1_ignoredfiles,properties_1_keyboard,properties_1_lightgun,properties_1_manufacturer,properties_1_mouse,properties_1_pad,properties_1_releasedate,properties_1_retroachievements,properties_1_type,scraper_1_screenscraper,uuid
0,.game,$F28c,%ROOT%/ports/2048,1,1,2048,,,high,1,.game,2048,0,1,0,high,,,,,,,,,,,,,,,,,,,,,,,,,,,,,,,,,,,,,,,,,,,,,,,,,,,,,,,,,,,,,,,,,,,,,,,,,libretro,,,,,,,,,,,,,,,,,,,,,,,,,,,,,,,,,,,,,,,,,,,,,,,,,,,,,,,,,,,,,,,,,,,,,,,,,,,,2048,2048,1,0,,no,no,port,no,mandatory,2014-03,0,port,135,c47d1c20-ec15-43a4-a4fe-c6f438a64f13
0,.bin .pce .gba .ccd .nes .cdi .m3u .pbp .toc .cue .sfc .gb .chd,$0,%ROOT%/240ptestsuite,,,240ptestsuite,,,high,1,.nes,nestopia,0,1,0,high,,,high,1,.sfc,snes9x,0,2,0,high,,,high,1,.bin .cue,genesisplusgx,0,3,0,high,,,high,1,.pce,mednafen_supergrafx,0,4,0,high,,,high,1,.gb,gambatte,0,5,0,high,high,1,.gba,mgba,0,6,0,high,high,1,.cdi,flycast,0,7,0,high,high,1,.ccd .chd .cue .m3u .pbp .toc,swanstation,0,8,0,high,,,,,,,,,libretro,,,,,,,,,,,,,,,,,,,,,,,,,,,,,,,,,,,,,,,,,,,,,,,,,,,,,,,,,,,,,,,,,,,,,,,,,,,,240ptestsuite,240ptestsuite,0,0,,no,no,virtual,no,mandatory,2011-01,0,virtual,135,58d140e8-52ec-4b48-8b2f-5d240fcbd28f
0,.iso .cue .chd,$F28d,%ROOT%/3do,,,3do,,,high,1,.chd .cue .iso,opera,1,1,0,high,,,,,,,,,,,,,,,,,,,,,,,,,,,,,,,,,,,,,,,,,,,,,,,,,,,,,,,,,,,,,,,,,,,,,,,,,libretro,,,,,,,,,,,,,,,,,,,,,,,,,,,,,,,,,,,,,,,,,,,,,,,,,,,,,,,,,,,,,,,,,,,,,,,,,,,,Panasonic 3DO,3do,0,1,,no,optional,Panasonic,no,mandatory,1993-10,1,console,29,b58b9072-0e44-4330-869d-96b72f53de1f
0,.bin .n64 .z64 .v64 .ndd,$F28f,%ROOT%/64dd,,,64dd,,,low,1,.bin .ndd,parallel_n64,0,1,0,high,,,low,0,.bin .n64 .ndd .v64 .z64,mupen64plus_next,0,2,0,unknown,,,,,,,,,,,,,,,,,,,,,,,,,,,,,,,,,,,,,,,,,,,,,,,,,,,,,,,,,,,,,,,libretro,,,,,,,,,,,,,,,,,,,,,,,,,,,,,,,,,,,,,,,,,,,,,,,,,,,,,,,,,,,,,,,,,,,,,,,,,,,,Nintendo 64DD,64dd,1,0,,no,no,Nintendo,optional,mandatory,1999-12,0,console,122,c771dc13-7d3e-4330-a61d-9676a4d6c468
0,.lhz .hdf .ipf .dms .fdi .zip .m3u .rp9 .raw .slave .info .lzx .hdz .lha .7z .adz .adf,$F245,%ROOT%/amiga1200,,,amiga1200,,,high,0,.adf .ipf .dms .fdi .hdf .hdz .lha .lhz .lzx .rp9 .zip,amiberry,0,3,0,high,,,,,,,,,,,,,,,,,,,,,,,,,,,,,,,,,,,,,,,,,,,,,,,,,,,,,,,,,,,,,,,,,,,,,,,,,amiberry,,,high,1,.adf .adz .dms .fdi .hdf .hdz .info .ipf .lha .lhz .lzx .m3u .raw .slave .zip .7z,puae,0,2,0,high,high,1,.adf .adz .dms .hdf .hdz .ipf .lha .lhz .lzx .m3u .zip,uae4arm,0,1,0,high,,,,,,,,,,,,,,,,,,,,,,,,,,,,,,,,,,,,,,,,,,,,,,,,,,,,,,,,,libretro,Amiga 1200,amiga1200,1,0,,optional,no,Commodore,optional,mandatory,1992-10,0,computer,111,fae2f6a8-84b1-43c3-ab84-d0191ef4786a
0,.lhz .hdf .ipf .dms .fdi .zip .m3u .rp9 .raw .slave .info .lzx .hdz .lha .7z .adz .adf,$F244,%ROOT%/amiga600,,,amiga600,,,high,0,.adf .ipf .dms .fdi .hdf .hdz .lha .lhz .lzx .rp9 .zip,amiberry,0,3,0,high,,,,,,,,,,,,,,,,,,,,,,,,,,,,,,,,,,,,,,,,,,,,,,,,,,,,,,,,,,,,,,,,,,,,,,,,,amiberry,,,high,1,.adf .adz .dms .fdi .hdf .hdz .info .ipf .lha .lhz .lzx .m3u .raw .slave .zip .7z,puae,0,2,0,high,high,1,.adf .adz .dms .hdf .hdz .ipf .lha .lhz .lzx .m3u .zip,uae4arm,0,1,0,high,,,,,,,,,,,,,,,,,,,,,,,,,,,,,,,,,,,,,,,,,,,,,,,,,,,,,,,,,libretro,Amiga 600,amiga600,1,0,,optional,no,Commodore,optional,mandatory,1992-03,0,computer,64,532f6c8c-bfe2-4a5d-8ede-fa967bf5c05b
0,.mds .ccd .uae .m3u .cue .iso .nrg .chd,$F293,%ROOT%/amigacd32,,,amigacd32,,,high,0,.cue .iso .ccd,amiberry,0,3,0,high,,,,,,,,,,,,,,,,,,,,,,,,,,,,,,,,,,,,,,,,,,,,,,,,,,,,,,,,,,,,,,,,,,,,,,,,,amiberry,,,high,1,.cue .ccd .chd .nrg .mds .iso .uae .m3u,uae4arm,0,1,0,high,high,0,.cue .ccd .chd .nrg .mds .iso .uae .m3u,puae,0,2,0,high,,,,,,,,,,,,,,,,,,,,,,,,,,,,,,,,,,,,,,,,,,,,,,,,,,,,,,,,,libretro,Amiga CD32,amigacd32,0,0,,optional,no,Commodore,optional,mandatory,1993-09,0,console,130,d7702775-ed5b-4f89-97f1-2c1d0b0fed2c
0,.mds .ccd .uae .m3u .cue .iso .nrg .chd,$F294,%ROOT%/amigacdtv,,,amigacdtv,,,high,0,.cue .iso .ccd,amiberry,0,3,0,high,,,,,,,,,,,,,,,,,,,,,,,,,,,,,,,,,,,,,,,,,,,,,,,,,,,,,,,,,,,,,,,,,,,,,,,,,amiberry,,,high,1,.ccd .chd .cue .iso .mds .m3u .nrg .uae,uae4arm,0,1,0,high,high,0,.ccd .chd .cue .iso .mds .m3u .nrg .uae,puae,0,2,0,high,,,,,,,,,,,,,,,,,,,,,,,,,,,,,,,,,,,,,,,,,,,,,,,,,,,,,,,,,libretro,Amiga CDTV,amigacdtv,0,0,,optional,no,Commodore,optional,mandatory,1991-08,0,console,129,3c290260-a94c-47e4-a8f5-cd47d1c0dad6
0,.bin .zip .m3u .7z .voc .kcr .dsk .cpr .sna .cdt .tap,$F295,%ROOT%/amstradcpc,,,amstradcpc,,,high,1,.bin .cdt .cpr .dsk .m3u .sna .tap .voc .zip .7z,cap32,1,1,0,high,,,high,0,.dsk .kcr .sna,crocods,1,2,0,high,,,,,,,,,,,,,,,,,,,,,,,,,,,,,,,,,,,,,,,,,,,,,,,,,,,,,,,,,,,,,,,libretro,,,,,,,,,,,,,,,,,,,,,,,,,,,,,,,,,,,,,,,,,,,,,,,,,,,,,,,,,,,,,,,,,,,,,,,,,,,,AmstradCPC,amstradcpc,0,0,,mandatory,no,Amstrad,optional,recommended,1984-04,1,computer,65,53afab22-49ee-4e53-a398-941942831894
0,.iie .po .nib .dsk .do,$F247,%ROOT%/apple2,,,apple2,,,high,1,.do .po .nib .dsk .iie,linapple,0,1,0,high,,,,,,,,,,,,,,,,,,,,,,,,,,,,,,,,,,,,,,,,,,,,,,,,,,,,,,,,,,,,,,,,,,,,,,,,,linapple,,,high,0,.do .po .nib .dsk,gsplus,0,2,0,high,,,,,,,,,,,,,,,,,,,,,,,,,,,,,,,,,,,,,,,,,,,,,,,,,,,,,,,,,,,,,,,,,gsplus,Apple II,apple2,0,0,,mandatory,no,Apple,recommended,optional,1977-04,1,computer,86,8778ff19-1dd5-471c-950f-f9cf136dc953
0,.hdv .2mg .po .gsplus,$F296,%ROOT%/apple2gs,,,apple2gs,,,high,1,.2mg .hdv .po .gsplus,gsplus,0,1,0,high,,,,,,,,,,,,,,,,,,,,,,,,,,,,,,,,,,,,,,,,,,,,,,,,,,,,,,,,,,,,,,,,,,,,,,,,,gsplus,,,,,,,,,,,,,,,,,,,,,,,,,,,,,,,,,,,,,,,,,,,,,,,,,,,,,,,,,,,,,,,,,,,,,,,,,,,,Apple IIGS,apple2gs,0,0,,mandatory,no,Apple,recommended,optional,1986-09,1,computer,217,73d6d33d-320f-4f37-a1f8-956bcefeffe1
0,.hex,$F286,%ROOT%/arduboy,,,arduboy,,,high,1,.hex,arduous,0,1,0,high,,,,,,,,,,,,,,,,,,,,,,,,,,,,,,,,,,,,,,,,,,,,,,,,,,,,,,,,,,,,,,,,,,,,,,,,,libretro,,,,,,,,,,,,,,,,,,,,,,,,,,,,,,,,,,,,,,,,,,,,,,,,,,,,,,,,,,,,,,,,,,,,,,,,,,,,Arduboy,arduboy,0,0,,no,no,fantasy,no,mandatory,2021-08,1,fantasy,263,dc5b81d6-daaa-11ed-afa1-0242ac120002
0,.a26 .7z .bin .zip,$F23c,%ROOT%/atari2600,,,atari2600,,,high,1,.a26 .bin .zip .7z,stella,1,1,0,high,,,,,,,,,,,,,,,,,,,,,,,,,,,,,,,,,,,,,,,,,,,,,,,,,,,,,,,,,,,,,,,,,,,,,,,,,libretro,,,,,,,,,,,,,,,,,,,,,,,,,,,,,,,,,,,,,,,,,,,,,,,,,,,,,,,,,,,,,,,,,,,,,,,,,,,,Atari 2600,atari2600,1,0,,no,no,Atari,no,mandatory,1977-10,1,console,26,7cbd64f9-4e34-48d0-b735-24c5819f2835
0,.a52 .bin .zip,$F23d,%ROOT%/atari5200,,,atari5200,,,high,1,.a52 .zip,atari800,0,1,0,high,,,high,0,.a52 .bin .zip,a5200,0,2,0,high,,,,,,,,,,,,,,,,,,,,,,,,,,,,,,,,,,,,,,,,,,,,,,,,,,,,,,,,,,,,,,,libretro,,,,,,,,,,,,,,,,,,,,,,,,,,,,,,,,,,,,,,,,,,,,,,,,,,,,,,,,,,,,,,,,,,,,,,,,,,,,Atari 5200,atari5200,1,0,,no,no,Atari,no,mandatory,1982-01,0,console,40,1489e5b5-e3a5-42fd-86d2-8ea03045e8c4
0,.bin .zip .7z .cdf .a78,$F23e,%ROOT%/atari7800,,,atari7800,,,high,1,.a78 .bin .cdf .zip .7z,prosystem,0,1,0,high,,,,,,,,,,,,,,,,,,,,,,,,,,,,,,,,,,,,,,,,,,,,,,,,,,,,,,,,,,,,,,,,,,,,,,,,,libretro,,,,,,,,,,,,,,,,,,,,,,,,,,,,,,,,,,,,,,,,,,,,,,,,,,,,,,,,,,,,,,,,,,,,,,,,,,,,Atari 7800,atari7800,0,0,,no,no,Atari,no,mandatory,1986-01,1,console,41,4d0a5178-2a6b-4501-9afd-a4d9204589ce
0,.bin .atr .cas .dcm .zip .m3u .com .rom .xex .xfd .atx .car,$F299,%ROOT%/atari800,,,atari800,,,high,1,.atr .atx .bin .car .cas .com .dcm .m3u .rom .xex .xfd .zip,atari800,0,1,0,high,,,,,,,,,,,,,,,,,,,,,,,,,,,,,,,,,,,,,,,,,,,,,,,,,,,,,,,,,,,,,,,,,,,,,,,,,libretro,,,,,,,,,,,,,,,,,,,,,,,,,,,,,,,,,,,,,,,,,,,,,,,,,,,,,,,,,,,,,,,,,,,,,,,,,,,,Atari 800,atari800,1,0,,recommended,no,Atari,no,mandatory,1979-11,0,computer,43,983f801f-3436-48a6-a01c-77e057c092c3
0,.ipf .zip .dim .stx .m3u .7z .ctr .raw .msa .st,$F29a,%ROOT%/atarist,,,atarist,,,high,1,.st .stx .ipf .m3u .msa .dim .zip .7z,hatari,0,1,0,high,,,,,,,,,,,,,,,,,,,,,,,,,,,,,,,,,,,,,,,,,,,,,,,,,,,,,,,,,,,,,,,,,,,,,,,,,libretro,,,high,0,.ctr .dim .ipf .msa .raw .st .stx,hatari,0,2,0,high,,,,,,,,,,,,,,,,,,,,,,,,,,,,,,,,,,,,,,,,,,,,,,,,,,,,,,,,,,,,,,,,,hatari,Atari ST,atarist,0,0,,mandatory,no,Atari,recommended,recommended,1985-06,0,computer,42,7a648629-3851-4418-965a-750ae6830e37
0,.7z .zip,$F29b,%ROOT%/atomiswave,,,atomiswave,atomiswave.lst,,high,1,.zip .7z,flycast,0,1,0,high,atomiswave-next.lst,,high,1,.zip .7z,flycast-next,0,2,0,high,,,,,,,,,,,,,,,,,,,,,,,,,,,,,,,,,,,,,,,,,,,,,,,,,,,,,,,,,,,,,,,libretro,,,,,,,,,,,,,,,,,,,,,,,,,,,,,,,,,,,,,,,,,,,,,,,,,,,,,,,,,,,,,,,,,,,,,,,,,,,,Sammy Atomiswave,atomiswave,0,1,,no,recommended,Sammy,no,mandatory,2003-01,1,arcade,53,313a4578-d413-404f-a0bf-994ca6342838
0,.csw .zip .m3u .uef .adl .dsd .adf .ssd,$F281,%ROOT%/bbcmicro,,,bbcmicro,,,high,1,.adf .adl .csw .dsd .m3u .ssd .uef .zip,beebem,0,1,0,high,,,,,,,,,,,,,,,,,,,,,,,,,,,,,,,,,,,,,,,,,,,,,,,,,,,,,,,,,,,,,,,,,,,,,,,,,beebem,,,,,,,,,,,,,,,,,,,,,,,,,,,,,,,,,,,,,,,,,,,,,,,,,,,,,,,,,,,,,,,,,,,,,,,,,,,,Acorn BBC Micro,bbcmicro,0,0,,recommended,no,Acorn,optional,recommended,1981-12,0,computer,37,05e9713d-7220-4864-abf2-9a07ea4b2f41
0,.bin .zip .img .7z .bkd .dsk,$F282,%ROOT%/bk,,,bk,,,high,1,.bin .bkd .dsk .img .zip .7z,bk,0,1,0,high,,,,,,,,,,,,,,,,,,,,,,,,,,,,,,,,,,,,,,,,,,,,,,,,,,,,,,,,,,,,,,,,,,,,,,,,,libretro,,,,,,,,,,,,,,,,,,,,,,,,,,,,,,,,,,,,,,,,,,,,,,,,,,,,,,,,,,,,,,,,,,,,,,,,,,,,Elektronika BK,bk,0,0,,mandatory,no,Elektronika,no,optional,1984-01,0,computer,93,81a1727c-541e-48d8-bcfe-549a3d83a0cd
0,.d64 .bin .60 .40 .zip .prg .d67 .d8z .7z .d80 .d82 .vfl .vsf .rom .tcrt .d2m .g64 .nib .d90 .x64 .crt .d6z .g4z .gz .m3u .d71 .p00 .d1m .d4m .dhd .p64 .a0 .t64 .d7z .x6z .20 .g41 .g6z .nbz .b0 .cmd .tap .d81,$F29c,%ROOT%/c64,,,c64,,,high,1,.d64 .d6z .d71 .d7z .d80 .d81 .d82 .d8z .g64 .g6z .g41 .g4z .x64 .x6z .nib .nbz .t64 .tap .prg .p00 .crt .bin .cmd .m3u .vfl .vsf .zip .7z .gz,vice_x64,0,1,0,high,,,high,0,.d64 .d6z .d71 .d7z .d80 .d81 .d82 .d8z .g64 .g6z .g41 .g4z .x64 .x6z .nib .nbz .t64 .tap .prg .p00 .crt .bin .cmd .m3u .vfl .vsf .zip .7z .gz,vice_x64sc,0,2,0,high,,,high,0,.d64 .d6z .d71 .d7z .d80 .d81 .d82 .d8z .g64 .g6z .g41 .g4z .x64 .x6z .nib .nbz .t64 .tap .prg .p00 .crt .bin .cmd .m3u .vfl .vsf .zip .7z .gz,vice_xplus4,0,3,0,high,,,high,0,.d64 .d6z .d71 .d7z .d80 .d81 .d82 .d8z .g64 .g6z .g41 .g4z .x64 .x6z .nib .nbz .t64 .tap .prg .p00 .crt .bin .cmd .m3u .vfl .vsf .zip .7z .gz,vice_xpet,0,4,0,high,,,high,0,.d64 .d6z .d71 .d7z .d80 .d81 .d82 .d8z .g64 .g6z .g41 .g4z .x64 .x6z .nib .nbz .t64 .tap .prg .p00 .crt .bin .cmd .m3u .vfl .vsf .zip .7z .gz .20 .40 .60 .a0 .b0 .rom,vice_xvic,0,5,0,high,high,0,.d64 .d6z .d71 .d7z .d80 .d81 .d82 .d8z .g64 .g6z .g41 .g4z .x64 .x6z .nib .nbz .t64 .tap .prg .p00 .crt .bin .cmd .m3u .vfl .vsf .zip .7z .gz,vice_x128,0,6,0,high,high,0,.d64 .d6z .d71 .d7z .d80 .d81 .d82 .d8z .g64 .g6z .g41 .g4z .x64 .x6z .nib .nbz .t64 .tap .prg .p00 .crt .bin .cmd .m3u .vfl .vsf .zip .7z .gz,vice_xscpu64,0,7,0,high,high,0,.d64 .d6z .d71 .d7z .d80 .d81 .d82 .d8z .g64 .g6z .g41 .g4z .x64 .x6z .nib .nbz .t64 .tap .prg .p00 .crt .bin .cmd .m3u .vfl .vsf .zip .7z .gz,vice_xcbm2,0,8,0,high,high,0,.d64 .d6z .d71 .d7z .d80 .d81 .d82 .d8z .g64 .g6z .g41 .g4z .x64 .x6z .nib .nbz .t64 .tap .prg .p00 .crt .bin .cmd .m3u .vfl .vsf .zip .7z .gz,vice_xcbm5x0,0,9,0,high,libretro,,,high,0,.d64 .d6z .d67 .d71 .d7z .d80 .d81 .d82 .d8z .d90 .d1m .d2m .d4m .dhd .g64 .g6z .g41 .g4z .x6z .nib .nbz .t64 .tap .tcrt .p64 .prg .p00 .crt .bin .cmd .m3u .vfl .vsf .x64 .zip .7z .gz,x64,0,10,0,high,high,0,.d64 .d6z .d67 .d71 .d7z .d80 .d81 .d82 .d8z .d90 .d1m .d2m .d4m .dhd .g64 .g6z .g41 .g4z .x6z .nib .nbz .t64 .tap .tcrt .p64 .prg .p00 .crt .bin .cmd .m3u .vfl .vsf .x64 .zip .7z .gz,x64sx,0,10,0,high,high,0,.d64 .d6z .d67 .d71 .d7z .d80 .d81 .d82 .d8z .d90 .d1m .d2m .d4m .dhd .g64 .g6z .g41 .g4z .x6z .nib .nbz .t64 .tap .tcrt .p64 .prg .p00 .crt .bin .cmd .m3u .vfl .vsf .x64 .zip .7z .gz,xplus4,0,10,0,high,high,0,.d64 .d6z .d67 .d71 .d7z .d80 .d81 .d82 .d8z .d90 .d1m .d2m .d4m .dhd .g64 .g6z .g41 .g4z .x6z .nib .nbz .t64 .tap .tcrt .p64 .prg .p00 .crt .bin .cmd .m3u .vfl .vsf .x64 .zip .7z .gz,xpet,0,10,0,high,high,0,.d64 .d6z .d67 .d71 .d7z .d80 .d81 .d82 .d8z .d90 .d1m .d2m .d4m .dhd .g64 .g6z .g41 .g4z .x6z .nib .nbz .t64 .tap .tcrt .p64 .prg .p00 .crt .bin .cmd .m3u .vfl .vsf .x64 .zip .7z .gz,xvic,0,10,0,high,high,0,.d64 .d6z .d67 .d71 .d7z .d80 .d81 .d82 .d8z .d90 .d1m .d2m .d4m .dhd .g64 .g6z .g41 .g4z .x6z .nib .nbz .t64 .tap .tcrt .p64 .prg .p00 .crt .bin .cmd .m3u .vfl .vsf .x64 .zip .7z .gz,x128,0,10,0,high,high,0,.d64 .d6z .d67 .d71 .d7z .d80 .d81 .d82 .d8z .d90 .d1m .d2m .d4m .dhd .g64 .g6z .g41 .g4z .x6z .nib .nbz .t64 .tap .tcrt .p64 .prg .p00 .crt .bin .cmd .m3u .vfl .vsf .x64 .zip .7z .gz,xscpu64,0,10,0,high,high,0,.d64 .d6z .d67 .d71 .d7z .d80 .d81 .d82 .d8z .d90 .d1m .d2m .d4m .dhd .g64 .g6z .g41 .g4z .x6z .nib .nbz .t64 .tap .tcrt .p64 .prg .p00 .crt .bin .cmd .m3u .vfl .vsf .x64 .zip .7z .gz,xcbm2,0,10,0,high,high,0,.d64 .d6z .d67 .d71 .d7z .d80 .d81 .d82 .d8z .d90 .d1m .d2m .d4m .dhd .g64 .g6z .g41 .g4z .x6z .nib .nbz .t64 .tap .tcrt .p64 .prg .p00 .crt .bin .cmd .m3u .vfl .vsf .x64 .zip .7z .gz,xcbm5x0,0,10,0,high,vice,Commodore 64,c64,0,0,,mandatory,no,Commodore,optional,recommended,1982-08,0,computer,66,3ceece17-2bdd-404d-8207-529cdd76f7fb
0,.exe,$F276,%ROOT%/ports/Cave Story,1,1,cavestory,,,high,1,.exe,nxengine,0,1,0,high,,,,,,,,,,,,,,,,,,,,,,,,,,,,,,,,,,,,,,,,,,,,,,,,,,,,,,,,,,,,,,,,,,,,,,,,,libretro,,,,,,,,,,,,,,,,,,,,,,,,,,,,,,,,,,,,,,,,,,,,,,,,,,,,,,,,,,,,,,,,,,,,,,,,,,,,Cave Story,cavestory,1,0,,no,no,Studio Pixel,no,mandatory,2004-12,0,engine,138,ea72450d-06fa-4bc1-9f4f-982e5d09ece6
0,.cmd .zip .chd,$F29E,%ROOT%/cdi,,,cdi,,,high,1,.chd .cmd .zip,cdi2015,0,1,0,high,,,,,,,,,,,,,,,,,,,,,,,,,,,,,,,,,,,,,,,,,,,,,,,,,,,,,,,,,,,,,,,,,,,,,,,,,libretro,,,,,,,,,,,,,,,,,,,,,,,,,,,,,,,,,,,,,,,,,,,,,,,,,,,,,,,,,,,,,,,,,,,,,,,,,,,,Philips CD-I,cdi,1,0,,no,optional,Phillips,optional,mandatory,1991-10,0,console,133,1e0ae4a3-b65e-40f2-b3e3-01fd2576bb8e
0,.bin .chf .zip .7z .rom,$F2a0,%ROOT%/channelf,,,channelf,,,high,1,.bin .rom .chf .zip .7z,freechaf,0,1,0,high,,,high,1,.zip .7z,fbneo,1,2,0,high,,,,,,,,,,,,,,,,,,,,,,,,,,,,,,,,,,,,,,,,,,,,,,,,,,,,,,,,,,,,,,,libretro,,,,,,,,,,,,,,,,,,,,,,,,,,,,,,,,,,,,,,,,,,,,,,,,,,,,,,,,,,,,,,,,,,,,,,,,,,,,Fairchild Channel F,channelf,0,0,,no,no,Fairchild,no,mandatory,1976-11,0,console,80,dfa4bf61-1fb5-4e5a-a036-7400ee385f3a
0,.bin .zip .7z .rom .col .cv,$F23f,%ROOT%/colecovision,,,colecovision,,,high,1,.col .zip .7z,bluemsx,1,1,0,high,,,high,0,.col .cv .rom .bin .zip,gearcoleco,1,2,1,high,,,high,0,.zip .7z,fbneo,1,3,0,high,,,,,,,,,,,,,,,,,,,,,,,,,,,,,,,,,,,,,,,,,,,,,,,,,,,,,libretro,,,,,,,,,,,,,,,,,,,,,,,,,,,,,,,,,,,,,,,,,,,,,,,,,,,,,,,,,,,,,,,,,,,,,,,,,,,,Colecovision,colecovision,0,0,,no,no,Coleco,no,mandatory,1982-08,1,console,0,c65c6520-9a85-4a8f-9538-54fa9007d45e
0,.daphne .ogv,$F2a1,%ROOT%/daphne,,,daphne,,,high,1,.daphne,daphne,0,1,0,high,,,,,,,,,,,,,,,,,,,,,,,,,,,,,,,,,,,,,,,,,,,,,,,,,,,,,,,,,,,,,,,,,,,,,,,,,daphne,,,high,1,.ogv,dirksimple,0,2,0,high,,,,,,,,,,,,,,,,,,,,,,,,,,,,,,,,,,,,,,,,,,,,,,,,,,,,,,,,,,,,,,,,,libretro,Daphne,daphne,0,1,actionmax.daphne,no,optional,Daphne,no,mandatory,1993-08,0,arcade,49,8ff2d76b-4668-48a8-b22e-95bf8787c8f9
0,.7z .game .zip,$F2a2,%ROOT%/ports/Dinothawr,1,1,dinothawr,,,high,1,.game .zip .7z,dinothawr,0,1,0,high,,,,,,,,,,,,,,,,,,,,,,,,,,,,,,,,,,,,,,,,,,,,,,,,,,,,,,,,,,,,,,,,,,,,,,,,,libretro,,,,,,,,,,,,,,,,,,,,,,,,,,,,,,,,,,,,,,,,,,,,,,,,,,,,,,,,,,,,,,,,,,,,,,,,,,,,Dinothawr,dinothawr,1,0,,no,no,port,no,mandatory,2013-09,0,port,135,c3053be4-3c75-4d98-8936-8a324df19fa4
0,.lmp .zip .7z .iwad .wad .pwad,$F277,%ROOT%/ports/Doom,1,0,doom,,,high,1,.wad .iwad .pwad .lmp .zip .7z,prboom,0,1,0,high,,,,,,,,,,,,,,,,,,,,,,,,,,,,,,,,,,,,,,,,,,,,,,,,,,,,,,,,,,,,,,,,,,,,,,,,,libretro,,,,,,,,,,,,,,,,,,,,,,,,,,,,,,,,,,,,,,,,,,,,,,,,,,,,,,,,,,,,,,,,,,,,,,,,,,,,Doom,doom,1,0,,no,no,IdSoftware,no,mandatory,1993-12,0,engine,135,45075616-dec4-4d25-ac6d-58b4687eec1e
0,.dos .zip .pc,$F24a,%ROOT%/dos,,,pc,,,high,1,.zip,dosbox_pure,0,1,0,high,,,,,,,,,,,,,,,,,,,,,,,,,,,,,,,,,,,,,,,,,,,,,,,,,,,,,,,,,,,,,,,,,,,,,,,,,libretro,,,high,0,.dos .pc,dosbox,0,2,0,high,,,,,,,,,,,,,,,,,,,,,,,,,,,,,,,,,,,,,,,,,,,,,,,,,,,,,,,,,,,,,,,,,dosbox,Dos (x86),dos,1,1,,recommended,no,IBM,recommended,recommended,1981-02,0,computer,135,be655d24-11d6-4456-8007-f17239df83dd
0,.cas .bas .dmk .jvc .rom .os9 .dsk .asc .vdk .wav .ccc,$F2a4,%ROOT%/dragon,,,dragon,,,high,1,.cas .wav .bas .asc .dmk .jvc .os9 .dsk .vdk .rom .ccc,xroar,0,1,0,high,,,,,,,,,,,,,,,,,,,,,,,,,,,,,,,,,,,,,,,,,,,,,,,,,,,,,,,,,,,,,,,,,,,,,,,,,xroar,,,,,,,,,,,,,,,,,,,,,,,,,,,,,,,,,,,,,,,,,,,,,,,,,,,,,,,,,,,,,,,,,,,,,,,,,,,,Dragon 32/64,dragon,0,0,,mandatory,no,DragonData,optional,optional,1982-08,0,computer,144,629b18fb-0ab4-f3a1-b34c-f235cd0c147c
0,.bin .cdi .m3u .cue .iso .gdi .elf .chd,$F26e,%ROOT%/dreamcast,,,dreamcast,,,high,1,.bin .cdi .chd .cue .elf .gdi .iso .m3u,flycast-next,0,2,0,high,,,high,1,.bin .cdi .chd .cue .elf .gdi .iso .m3u,flycast,0,1,0,high,,,,,,,,,,,,,,,,,,,,,,,,,,,,,,,,,,,,,,,,,,,,,,,,,,,,,,,,,,,,,,,libretro,,,,,,,,,,,,,,,,,,,,,,,,,,,,,,,,,,,,,,,,,,,,,,,,,,,,,,,,,,,,,,,,,,,,,,,,,,,,Sega Dreamcast,dreamcast,0,1,,optional,optional,Sega,optional,mandatory,1998-11,1,console,23,795903fb-4077-4a0d-b8a3-94b813d62f8d
0,files: RPG_RT.INI,$F2a6,%ROOT%/easyrpg,,,easyrpg,,,high,1,files: RPG_RT.INI,easyrpg,0,1,0,high,,,,,,,,,,,,,,,,,,,,,,,,,,,,,,,,,,,,,,,,,,,,,,,,,,,,,,,,,,,,,,,,,,,,,,,,,libretro,,,,,,,,,,,,,,,,,,,,,,,,,,,,,,,,,,,,,,,,,,,,,,,,,,,,,,,,,,,,,,,,,,,,,,,,,,,,EasyRPG,easyrpg,0,0,,no,no,virtual,no,mandatory,2006-06,0,engine,231,94652d3c-ccba-4135-9f88-2c2f207b95db
0,.7z .zip,$F253,%ROOT%/fbneo,,,fbneo,fbneo.lst,"misc,pacman,galaxian",high,1,.zip .7z,fbneo,1,1,0,high,,,,,,,,,,,,,,,,,,,,,,,,,,,,,,,,,,,,,,,,,,,,,,,,,,,,,,,,,,,,,,,,,,,,,,,,,libretro,,,,,,,,,,,,,,,,,,,,,,,,,,,,,,,,,,,,,,,,,,,,,,,,,,,,,,,,,,,,,,,,,,,,,,,,,,,,FinalBurn Neo,fbneo,0,0,,no,recommended,FBN,no,mandatory,2019-01,1,arcade,75,70512af1-c5cf-4ea2-954d-38ecb000599d
0,.7z .fds .zip,$F2a7,%ROOT%/fds,,,fds,,,high,1,.fds .zip .7z,nestopia,1,1,0,high,,,high,1,.fds .zip .7z,fceumm,1,2,1,high,,,high,0,.fds .zip .7z,mesen,1,3,0,high,,,high,0,.zip .7z,fbneo,1,4,0,high,,,,,,,,,,,,,,,,,,,,,,,,,,,,,,,,,,,,,,,,,,,libretro,,,,,,,,,,,,,,,,,,,,,,,,,,,,,,,,,,,,,,,,,,,,,,,,,,,,,,,,,,,,,,,,,,,,,,,,,,,,Family Computer Disk System,fds,1,0,,no,no,Nintendo,no,mandatory,1986-02,0,console,106,0a7fd1d3-9673-44ab-bfef-5bb3c8a0d79a
0,files:instru_e.map instru_f.map demo_uk.aba,$F2a8,%ROOT%/ports/Flashback,1,0,flashback,,,high,1,files:instru_f.map instru_e.map demo_uk.aba,reminiscence,0,1,0,high,,,,,,,,,,,,,,,,,,,,,,,,,,,,,,,,,,,,,,,,,,,,,,,,,,,,,,,,,,,,,,,,,,,,,,,,,libretro,,,,,,,,,,,,,,,,,,,,,,,,,,,,,,,,,,,,,,,,,,,,,,,,,,,,,,,,,,,,,,,,,,,,,,,,,,,,Flashback,flashback,0,0,,no,no,Delphine,no,mandatory,1992-01,0,engine,135,3d0176f6-9106-43c6-964d-f56e5ed1c674
0,.bin .7z .zip .gg,$F26f,%ROOT%/gamegear,,,gamegear,,,high,1,.gg .zip .7z,genesisplusgx,0,1,0,high,,,high,0,.bin .gg .zip .7z,gearsystem,0,2,0,high,,,high,0,.zip .7z,fbneo,0,3,0,high,,,high,0,.gg .zip .7z,picodrive,1,4,0,high,,,,,,,,,,,,,,,,,,,,,,,,,,,,,,,,,,,,,,,,,,,libretro,,,,,,,,,,,,,,,,,,,,,,,,,,,,,,,,,,,,,,,,,,,,,,,,,,,,,,,,,,,,,,,,,,,,,,,,,,,,Sega Game Gear,gamegear,0,0,,no,no,Sega,no,mandatory,1990-10,1,handheld,21,5d519df9-1ed4-42ce-870a-a13158ea3105
0,.bin .gb .7z .zip,$F264,%ROOT%/gb,,,gb,,,high,1,.gb .bin .zip .7z,gambatte,0,1,1,high,,,high,0,.gb .bin .zip .7z,tgbdual,0,2,1,high,,,high,0,.gb .bin .zip .7z,mgba,1,3,1,high,,,high,0,.gb .bin .zip .7z,sameboy,1,4,0,high,,,high,0,.gb .zip .7z,mesen_s,0,5,1,high,,,,,,,,,,,,,,,,,,,,,,,,,,,,,,,,,libretro,,,,,,,,,,,,,,,,,,,,,,,,,,,,,,,,,,,,,,,,,,,,,,,,,,,,,,,,,,,,,,,,,,,,,,,,,,,,Game Boy,gb,0,0,,no,no,Nintendo,no,mandatory,1989-04,1,handheld,9,19a93303-aef1-4105-b89e-1ad2ff56529f
0,.bin .agb .gba .u1 .zip .7z .gbz,$F266,%ROOT%/gba,,,gba,,,high,1,.gba .zip .7z,mgba,1,1,1,high,,,high,0,.agb .bin .gba .gbz .u1 .zip .7z,gpsp,0,2,0,high,,,high,0,.gba .zip .7z,meteor,0,3,1,high,,,,,,,,,,,,,,,,,,,,,,,,,,,,,,,,,,,,,,,,,,,,,,,,,,,,,libretro,,,,,,,,,,,,,,,,,,,,,,,,,,,,,,,,,,,,,,,,,,,,,,,,,,,,,,,,,,,,,,,,,,,,,,,,,,,,Game Boy Advance,gba,0,0,,no,no,Nintendo,no,mandatory,2001-03,1,handheld,12,a5590077-47ea-48f8-98bb-a53210d773d6
0,.bin .gbc .zip .7z .gb,$F265,%ROOT%/gbc,,,gbc,,,high,1,.gb .gbc .bin .zip .7z,gambatte,0,1,1,high,,,high,0,.gb .gbc .bin .zip .7z,tgbdual,0,2,1,high,,,high,0,.gb .gbc .bin .zip .7z,mgba,1,3,1,high,,,high,0,.gb .gbc .bin .zip .7z,sameboy,1,4,0,high,,,high,0,.gb .gbc .zip .7z,mesen_s,0,5,1,high,,,,,,,,,,,,,,,,,,,,,,,,,,,,,,,,,libretro,,,,,,,,,,,,,,,,,,,,,,,,,,,,,,,,,,,,,,,,,,,,,,,,,,,,,,,,,,,,,,,,,,,,,,,,,,,,Game Boy Color,gbc,0,0,,no,no,Nintendo,no,mandatory,1998-10,1,handheld,10,8675fd2c-db99-44bd-a6e5-eaf70b4f8f1b
0,.game,$F27f,%ROOT%/ports/Gong,1,1,gong,,,high,1,.game,gong,0,1,0,high,,,,,,,,,,,,,,,,,,,,,,,,,,,,,,,,,,,,,,,,,,,,,,,,,,,,,,,,,,,,,,,,,,,,,,,,,libretro,,,,,,,,,,,,,,,,,,,,,,,,,,,,,,,,,,,,,,,,,,,,,,,,,,,,,,,,,,,,,,,,,,,,,,,,,,,,Gong,gong,1,0,,no,no,port,no,mandatory,2021-03,0,port,0,c62f9c77a-a93e-4bb5-97f7-4127941e5eb2
0,.7z .mgw .zip,$F278,%ROOT%/gw,,,gw,,,high,1,.mgw .zip .7z,gw,0,1,0,high,,,,,,,,,,,,,,,,,,,,,,,,,,,,,,,,,,,,,,,,,,,,,,,,,,,,,,,,,,,,,,,,,,,,,,,,,libretro,,,,,,,,,,,,,,,,,,,,,,,,,,,,,,,,,,,,,,,,,,,,,,,,,,,,,,,,,,,,,,,,,,,,,,,,,,,,Game and Watch,gw,0,0,,no,no,Nintendo,no,mandatory,1980-04,0,handheld,52,a74b3722-bb28-4a96-b92c-352638a88238
0,.m3u .7z .cpr .zip,$F2ac,%ROOT%/gx4000,,,gx4000,,,high,1,.cpr .m3u .zip .7z,cap32,1,1,0,high,,,,,,,,,,,,,,,,,,,,,,,,,,,,,,,,,,,,,,,,,,,,,,,,,,,,,,,,,,,,,,,,,,,,,,,,,libretro,,,,,,,,,,,,,,,,,,,,,,,,,,,,,,,,,,,,,,,,,,,,,,,,,,,,,,,,,,,,,,,,,,,,,,,,,,,,Amstrad GX4000,gx4000,0,0,,no,no,Amstrad,no,mandatory,1990-09,0,console,87,773b49bd-f420-4bba-a1ac-4641d0cfe53c
0,.png .tga .pic .gif .bmp .psd .ppm .hdr .pgm .jpg .jpeg,$F27b,/recalbox/share/screenshots,,,imageviewer,,,high,1,.bmp .gif .jpeg .jpg .hdr .pgm .pic .png .ppm .psd .tga,imageviewer,0,1,0,high,,,,,,,,,,,,,,,,,,,,,,,,,,,,,,,,,,,,,,,,,,,,,,,,,,,,,,,,,,,,,,,,,,,,,,,,,libretro,,,,,,,,,,,,,,,,,,,,,,,,,,,,,,,,,,,,,,,,,,,,,,,,,,,,,,,,,,,,,,,,,,,,,,,,,,,,Screenshots,imageviewer,0,0,,no,no,virtual,no,no,2016-08,0,virtual,0,921888c5-1a0f-49e7-94b9-faf4cdf603d6
0,.bin .int .zip .7z .rom,$F2ad,%ROOT%/intellivision,,,intellivision,,,high,1,.int .rom .bin .zip .7z,freeintv,0,1,0,high,,,,,,,,,,,,,,,,,,,,,,,,,,,,,,,,,,,,,,,,,,,,,,,,,,,,,,,,,,,,,,,,,,,,,,,,,libretro,,,,,,,,,,,,,,,,,,,,,,,,,,,,,,,,,,,,,,,,,,,,,,,,,,,,,,,,,,,,,,,,,,,,,,,,,,,,Mattel Intellivision,intellivision,0,0,,no,no,Mattel,no,mandatory,1979-01,1,console,115,b20d915f-ed49-4c7b-bf79-476fac7c53c4
0,.bin .abs .zip .prg .cof .7z .rom .j64 .jag,$F2af,%ROOT%/jaguar,,,jaguar,,,high,1,.abs .bin .cof .jag .j64 .prg .rom .zip .7z,virtualjaguar,0,1,0,high,,,,,,,,,,,,,,,,,,,,,,,,,,,,,,,,,,,,,,,,,,,,,,,,,,,,,,,,,,,,,,,,,,,,,,,,,libretro,,,,,,,,,,,,,,,,,,,,,,,,,,,,,,,,,,,,,,,,,,,,,,,,,,,,,,,,,,,,,,,,,,,,,,,,,,,,Atari Jaguar,jaguar,0,0,,no,no,Atari,no,mandatory,1993-11,1,console,27,e92e3aca-b93c-4a0b-91ed-af85fee79da4
0,.nx .7z .zip,$F284,%ROOT%/lowresnx,,,lowresnx,,,high,1,.nx .zip .7z,lowresnx,0,1,0,high,,,,,,,,,,,,,,,,,,,,,,,,,,,,,,,,,,,,,,,,,,,,,,,,,,,,,,,,,,,,,,,,,,,,,,,,,libretro,,,,,,,,,,,,,,,,,,,,,,,,,,,,,,,,,,,,,,,,,,,,,,,,,,,,,,,,,,,,,,,,,,,,,,,,,,,,LowRes NX,lowresnx,0,0,,no,no,virtual,no,mandatory,2017-08,0,fantasy,244,fc22d3f9-2c7f-44e8-ad6b-890a50c6081b
0,.lutro .7z .zip .lua,$F27d,%ROOT%/lutro,,,lutro,,,high,1,.lua .lutro .zip .7z,lutro,0,1,0,high,,,,,,,,,,,,,,,,,,,,,,,,,,,,,,,,,,,,,,,,,,,,,,,,,,,,,,,,,,,,,,,,,,,,,,,,,libretro,,,,,,,,,,,,,,,,,,,,,,,,,,,,,,,,,,,,,,,,,,,,,,,,,,,,,,,,,,,,,,,,,,,,,,,,,,,,Lutro,lutro,0,0,,no,no,virtual,no,mandatory,2008-01,0,fantasy,206,e7a752d8-265f-4d05-86ca-206b4d71f44e
0,.7z .o .lnx .zip,$F270,%ROOT%/lynx,,,lynx,,,high,1,.lnx .o .zip .7z,handy,0,1,0,high,,,high,0,.lnx .o .zip .7z,mednafen_lynx,0,2,0,high,,,,,,,,,,,,,,,,,,,,,,,,,,,,,,,,,,,,,,,,,,,,,,,,,,,,,,,,,,,,,,,libretro,,,,,,,,,,,,,,,,,,,,,,,,,,,,,,,,,,,,,,,,,,,,,,,,,,,,,,,,,,,,,,,,,,,,,,,,,,,,Lynx,lynx,0,0,,no,no,Atari,no,mandatory,1989-10,1,handheld,28,b5646865-44e2-4ed0-b862-9fa0c69ab984
0,.zip .img .hvf .dsk .cmd,$F2b3,%ROOT%/macintosh,,,macintosh,,,high,0,.cmd .dsk .hvf .img .zip,minivmac,0,1,0,high,,,,,,,,,,,,,,,,,,,,,,,,,,,,,,,,,,,,,,,,,,,,,,,,,,,,,,,,,,,,,,,,,,,,,,,,,libretro,,,,,,,,,,,,,,,,,,,,,,,,,,,,,,,,,,,,,,,,,,,,,,,,,,,,,,,,,,,,,,,,,,,,,,,,,,,,Apple Macintosh,macintosh,0,1,,optional,no,Apple,mandatory,mandatory,1984-01,0,computer,0,f295b04f-39bd-4477-9a19-5905e0c0369f
0,.7z .zip,$F255,%ROOT%/mame,,,mame,mame.lst,"misc,pacman,galaxian",high,1,.zip .7z,mame,1,1,0,high,mame2003-plus.lst,"misc,pacman,galaxian",high,1,.zip .7z,mame2003_plus,1,2,0,high,mame2003.lst,"misc,pacman,galaxian",high,1,.zip .7z,mame2003,1,3,0,high,mame2010.lst,"misc,pacman,galaxian",high,1,.zip .7z,mame2010,0,5,0,high,mame2015.lst,"misc,pacman,galaxian",high,1,.zip .7z,mame2015,0,6,0,high,,,,,,,,,,,,,,,,,,,,,,,,,,,,,,,,,libretro,advancemame.lst,"misc,pacman,galaxian",high,0,.zip .7z,advancemame,0,7,0,high,,,,,,,,,,,,,,,,,,,,,,,,,,,,,,,,,,,,,,,,,,,,,,,,,,,,,,,,,,,,,,,,,advancemame,Mame,mame,0,0,,no,recommended,Mame,no,mandatory,1997-02,1,arcade,75,d80b0a13-6b33-469e-bf68-4f5a1696c48d
0,.7z .sms .zip,$F26a,%ROOT%/mastersystem,,,mastersystem,,,high,0,.sms .zip .7z,picodrive,1,1,0,high,,,high,1,.sms .zip .7z,genesisplusgx,1,2,0,high,,,high,0,.sms .zip .7z,gearsystem,1,3,1,high,,,high,0,.zip .7z,fbneo,1,4,0,high,,,,,,,,,,,,,,,,,,,,,,,,,,,,,,,,,,,,,,,,,,,libretro,,,,,,,,,,,,,,,,,,,,,,,,,,,,,,,,,,,,,,,,,,,,,,,,,,,,,,,,,,,,,,,,,,,,,,,,,,,,Sega Master System / Mark III,mastersystem,1,0,,no,recommended,Sega,no,mandatory,1985-10,1,console,2,5abf95fa-4774-4f26-9f2e-095d84fd8573
0,.bin .68k .zip .7z .gen .mdx .smd .sgd .md,$F26b,%ROOT%/megadrive,,,megadrive,,,high,1,.68k .bin .gen .md .sgd .smd .zip .7z,picodrive,1,1,1,high,,,high,1,.68k .bin .gen .md .mdx .smd .zip .7z,genesisplusgx,1,2,1,high,,,good,0,.68k .bin .gen .md .mdx .smd .zip .7z,genesisplusgxwide,1,3,1,high,,,high,0,.zip .7z,fbneo,1,4,0,high,,,,,,,,,,,,,,,,,,,,,,,,,,,,,,,,,,,,,,,,,,,libretro,,,,,,,,,,,,,,,,,,,,,,,,,,,,,,,,,,,,,,,,,,,,,,,,,,,,,,,,,,,,,,,,,,,,,,,,,,,,Sega Megadrive,megadrive,1,0,,no,recommended,Sega,no,mandatory,1988-10,1,console,1,9918b675-22c2-4448-8880-9870f801bf4f
0,.bin,$F280,%ROOT%/megaduck,,,megaduck,,,high,0,.bin,sameduck,0,1,0,high,,,,,,,,,,,,,,,,,,,,,,,,,,,,,,,,,,,,,,,,,,,,,,,,,,,,,,,,,,,,,,,,,,,,,,,,,libretro,,,,,,,,,,,,,,,,,,,,,,,,,,,,,,,,,,,,,,,,,,,,,,,,,,,,,,,,,,,,,,,,,,,,,,,,,,,,MegaDuck,megaduck,0,0,,no,recommended,Welback,no,mandatory,1993-01,1,handheld,90,5a7050c1-6589-4179-8a32-9452cb70e25f
0,.moonlight,$F27e,%ROOT%/moonlight,,,moonlight,,,high,1,.moonlight,moonlight,0,1,0,high,,,,,,,,,,,,,,,,,,,,,,,,,,,,,,,,,,,,,,,,,,,,,,,,,,,,,,,,,,,,,,,,,,,,,,,,,moonlight,,,,,,,,,,,,,,,,,,,,,,,,,,,,,,,,,,,,,,,,,,,,,,,,,,,,,,,,,,,,,,,,,,,,,,,,,,,,Moonlight,moonlight,0,0,,no,no,NVidia,no,mandatory,2015-05,0,virtual,0,cb1c4e8b-b23f-460b-a5b3-7aef8e4d897b
0,.game,$F2b6,%ROOT%/ports/Mr. Boom,1,1,mrboom,,,high,1,.game,mrboom,1,1,0,high,,,,,,,,,,,,,,,,,,,,,,,,,,,,,,,,,,,,,,,,,,,,,,,,,,,,,,,,,,,,,,,,,,,,,,,,,libretro,,,,,,,,,,,,,,,,,,,,,,,,,,,,,,,,,,,,,,,,,,,,,,,,,,,,,,,,,,,,,,,,,,,,,,,,,,,,Mr. Boom,mrboom,1,0,,no,no,port,no,mandatory,2017-01,0,port,0,a868b410-7d9b-49e9-acee-43c88fcd217d
0,.cas .zip .m3u .7z .rom .msx1 .mx1 .dsk .ri,$F24e,%ROOT%/msx1,,,msx1,,,high,1,.cas .dsk .mx1 .m3u .ri .rom .zip .7z,bluemsx,0,1,0,high,,,high,0,.rom .msx1 .dsk .cas .m3u .zip .7z,fmsx,0,2,0,high,,,high,0,.zip .7z,fbneo,0,3,0,high,,,,,,,,,,,,,,,,,,,,,,,,,,,,,,,,,,,,,,,,,,,,,,,,,,,,,libretro,,,,,,,,,,,,,,,,,,,,,,,,,,,,,,,,,,,,,,,,,,,,,,,,,,,,,,,,,,,,,,,,,,,,,,,,,,,,MSX1,msx1,1,0,,recommended,no,Microsoft,no,recommended,1983-06,1,computer,113,b0da53a9-8191-47a6-bfb6-5aa7d13f178e
0,.msx2 .cas .zip .m3u .7z .rom .msx1 .mx1 .dsk .ri .mx2,$F24f,%ROOT%/msx2,,,msx2,,,high,1,.cas .dsk .mx1 .mx2 .m3u .ri .rom .zip .7z,bluemsx,0,1,0,high,,,high,0,.rom .msx1 .msx2 .dsk .cas .m3u .zip .7z,fmsx,0,2,0,high,,,,,,,,,,,,,,,,,,,,,,,,,,,,,,,,,,,,,,,,,,,,,,,,,,,,,,,,,,,,,,,libretro,,,,,,,,,,,,,,,,,,,,,,,,,,,,,,,,,,,,,,,,,,,,,,,,,,,,,,,,,,,,,,,,,,,,,,,,,,,,MSX2,msx2,1,0,,recommended,no,Microsoft,optional,recommended,1985-01,1,computer,116,c488252d-60a7-46c0-89df-3fd5c9aaa30d
0,.cas .zip .m3u .7z .rom .mx1 .dsk .mx2,$F2b7,%ROOT%/msxturbor,,,msxturbor,,,high,1,.cas .dsk .m3u .mx1 .mx2 .rom .zip .7z,bluemsx,0,1,0,high,,,,,,,,,,,,,,,,,,,,,,,,,,,,,,,,,,,,,,,,,,,,,,,,,,,,,,,,,,,,,,,,,,,,,,,,,libretro,,,,,,,,,,,,,,,,,,,,,,,,,,,,,,,,,,,,,,,,,,,,,,,,,,,,,,,,,,,,,,,,,,,,,,,,,,,,MSXturboR,msxturbor,1,0,,recommended,no,Microsoft,optional,recommended,1990-01,1,computer,118,44593983-e8f1-4ae6-90bb-4f7ba7091fc3
0,.bin .sg .zip .7z .mv,$F2b8,%ROOT%/multivision,,,multivision,,,high,1,.mv .bin .sg .zip .7z,gearsystem,0,1,0,high,,,,,,,,,,,,,,,,,,,,,,,,,,,,,,,,,,,,,,,,,,,,,,,,,,,,,,,,,,,,,,,,,,,,,,,,,libretro,,,,,,,,,,,,,,,,,,,,,,,,,,,,,,,,,,,,,,,,,,,,,,,,,,,,,,,,,,,,,,,,,,,,,,,,,,,,Othello Multivision,multivision,0,0,,no,no,Tsukuda,no,mandatory,1983-07,0,console,109,2bb4a383-e195-4b56-8f4d-20fe99a9bcf8
0,.n64 .z64 .zip .7z .v64,$F260,%ROOT%/n64,,,n64,,,high,1,.n64 .v64 .z64,glide64mk2,0,3,0,high,,,high,0,.n64 .v64 .z64,rice,0,9,0,high,,,,,,,,,,,,,,,,,,,,,,,,,,,,,,,,,,,,,,,,,,,,,,,,,,,,,,,,,,,,,,,mupen64plus,,,high,1,.n64 .v64 .z64 .zip .7z,parallel_n64,0,7,0,high,high,0,.n64 .v64 .z64 .zip .7z,mupen64plus_next,0,8,1,high,,,,,,,,,,,,,,,,,,,,,,,,,,,,,,,,,,,,,,,,,,,,,,,,,,,,,,,,,libretro,Nintendo 64,n64,1,0,,no,no,Nintendo,no,mandatory,1996-06,1,console,14,162fbf63-0931-40b7-83cd-c5c301ff4a93
0,.lst .7z .dat .zip,$F2b9,%ROOT%/naomi,,,naomi,naomi.lst,,high,1,.dat .lst .zip .7z,flycast,0,1,0,high,naomi-next.lst,,high,1,.dat .lst .zip .7z,flycast-next,0,2,0,high,,,,,,,,,,,,,,,,,,,,,,,,,,,,,,,,,,,,,,,,,,,,,,,,,,,,,,,,,,,,,,,libretro,,,,,,,,,,,,,,,,,,,,,,,,,,,,,,,,,,,,,,,,,,,,,,,,,,,,,,,,,,,,,,,,,,,,,,,,,,,,Sega NAOMI,naomi,0,1,,no,recommended,Sega,no,mandatory,1998-01,1,arcade,56,01536f08-36f6-4014-aa08-4ccb7f327bd3
0,.zip,$F285,%ROOT%/naomi2,,,naomi2,naomi2-next.lst,,high,1,.zip,flycast-next,0,1,0,high,,,,,,,,,,,,,,,,,,,,,,,,,,,,,,,,,,,,,,,,,,,,,,,,,,,,,,,,,,,,,,,,,,,,,,,,,libretro,,,,,,,,,,,,,,,,,,,,,,,,,,,,,,,,,,,,,,,,,,,,,,,,,,,,,,,,,,,,,,,,,,,,,,,,,,,,Sega NAOMI 2,naomi2,0,1,,no,no,Sega,no,mandatory,2000-09,0,arcade,230,c8e96625-0166-48c2-bd8a-b1db208d23e2
0,.lst .7z .dat .zip,$F2ba,%ROOT%/naomigd,,,naomigd,naomigd-next.lst,,high,1,.dat .lst .zip .7z,flycast,0,1,0,high,naomigd.lst,,high,1,.dat .lst .zip .7z,flycast-next,0,2,0,high,,,,,,,,,,,,,,,,,,,,,,,,,,,,,,,,,,,,,,,,,,,,,,,,,,,,,,,,,,,,,,,libretro,,,,,,,,,,,,,,,,,,,,,,,,,,,,,,,,,,,,,,,,,,,,,,,,,,,,,,,,,,,,,,,,,,,,,,,,,,,,Sega NAOMI GD-ROM System,naomigd,0,1,,no,recommended,Sega,no,mandatory,2000-09,1,arcade,227,42a3fa8f-a538-468c-899e-2d27bd2f1490
0,.7z .neo .zip,$F257,%ROOT%/neogeo,,,neogeo,,,high,1,.zip .7z,fbneo,1,1,0,high,,,high,1,.zip .7z,mame2003_plus,1,3,0,high,,,high,1,.zip .7z,mame2003,1,4,0,high,,,high,1,.zip .7z,mame2010,1,6,0,high,,,high,1,.zip .7z,mame2015,1,7,0,high,high,1,.neo,geolith,1,9,0,high,,,,,,,,,,,,,,,,,,,,,,,,,libretro,,,,,,,,,,,,,,,,,,,,,,,,,,,,,,,,,,,,,,,,,,,,,,,,,,,,,,,,,,,,,,,,,,,,,,,,,,,,Neo-Geo,neogeo,0,0,,no,no,SNK,no,mandatory,1990-04,1,console,142,e2a0a36b-03ea-47b8-a951-a8f0b4870d14
0,.bin .ccd .img .cue .iso .chd,$F2bb,%ROOT%/neogeocd,,,neogeocd,,,high,1,.bin .ccd .cue .img .iso,fbneo,0,1,0,high,,,high,1,.chd .cue,neocd,0,2,0,high,,,,,,,,,,,,,,,,,,,,,,,,,,,,,,,,,,,,,,,,,,,,,,,,,,,,,,,,,,,,,,,libretro,,,,,,,,,,,,,,,,,,,,,,,,,,,,,,,,,,,,,,,,,,,,,,,,,,,,,,,,,,,,,,,,,,,,,,,,,,,,Neo-Geo CD,neogeocd,0,0,,no,no,SNK,no,mandatory,1994-09,1,console,70,4b3915a7-8b05-4646-ae4c-255057060e7a
0,.unif .zip .nes .7z .unf,$F25c,%ROOT%/nes,,,nes,,,high,1,.nes .unf .unif .zip .7z,nestopia,0,1,1,high,,,high,1,.nes .unf .unif .zip .7z,fceumm,1,2,1,high,,,high,0,.nes .unf .unif .zip .7z,fceunext,0,3,1,high,,,high,0,.nes .unf .unif .zip .7z,quicknes,0,4,1,high,,,high,0,.nes .unf .unif .zip .7z,mesen,0,5,1,high,high,0,.zip .7z,fbneo,1,6,0,high,,,,,,,,,,,,,,,,,,,,,,,,,libretro,,,,,,,,,,,,,,,,,,,,,,,,,,,,,,,,,,,,,,,,,,,,,,,,,,,,,,,,,,,,,,,,,,,,,,,,,,,,Nintendo Entertainment System,nes,1,0,,no,recommended,Nintendo,no,mandatory,1983-07,1,console,3,62f2cbed-5bcb-46d8-bca9-daaa36613c7a
0,.7z .ngp .zip,$F258,%ROOT%/ngp,,,ngp,,,high,1,.ngp .zip .7z,mednafen_ngp,0,1,1,high,,,high,0,.ngp .zip .7z,race,0,2,0,high,,,high,0,.zip .7z,fbneo,0,3,0,high,,,,,,,,,,,,,,,,,,,,,,,,,,,,,,,,,,,,,,,,,,,,,,,,,,,,,libretro,,,,,,,,,,,,,,,,,,,,,,,,,,,,,,,,,,,,,,,,,,,,,,,,,,,,,,,,,,,,,,,,,,,,,,,,,,,,Neo-Geo Pocket,ngp,0,0,,no,no,SNK,no,mandatory,1998-10,1,handheld,25,75072788-87e4-4dab-9d4c-9201d43858df
0,.ngpc .7z .ngc .zip,$F259,%ROOT%/ngpc,,,ngpc,,,high,1,.ngc .ngpc .zip .7z,mednafen_ngp,0,1,1,high,,,high,0,.ngc .ngpc .zip .7z,race,0,2,0,high,,,,,,,,,,,,,,,,,,,,,,,,,,,,,,,,,,,,,,,,,,,,,,,,,,,,,,,,,,,,,,,libretro,,,,,,,,,,,,,,,,,,,,,,,,,,,,,,,,,,,,,,,,,,,,,,,,,,,,,,,,,,,,,,,,,,,,,,,,,,,,Neo-Geo Pocket Color,ngpc,0,0,,no,no,SNK,no,mandatory,1999-03,1,handheld,82,6d2a272c-a165-4985-aa8c-72d74b9e35a2
0,.bin .7z .zip,$F241,%ROOT%/o2em,,,odyssey2,,,high,1,.bin .zip .7z,o2em,0,1,0,high,,,,,,,,,,,,,,,,,,,,,,,,,,,,,,,,,,,,,,,,,,,,,,,,,,,,,,,,,,,,,,,,,,,,,,,,,libretro,,,,,,,,,,,,,,,,,,,,,,,,,,,,,,,,,,,,,,,,,,,,,,,,,,,,,,,,,,,,,,,,,,,,,,,,,,,,Odyssey2,o2em,0,0,,mandatory,no,Magnavox,no,mandatory,1978-01,1,console,104,3bac42f2-c18c-4b1e-ba90-b66d7fdc0ac5
0,.pak,$F2bd,%ROOT%/openbor,,,openbor,,,high,1,.pak,openbor,0,1,0,high,,,,,,,,,,,,,,,,,,,,,,,,,,,,,,,,,,,,,,,,,,,,,,,,,,,,,,,,,,,,,,,,,,,,,,,,,openbor,,,,,,,,,,,,,,,,,,,,,,,,,,,,,,,,,,,,,,,,,,,,,,,,,,,,,,,,,,,,,,,,,,,,,,,,,,,,OpenBOR,openbor,0,0,,no,no,Senile Team,no,mandatory,2004-01,0,engine,214,0fd61ffe-bd53-4eed-b17b-4e29694822c5
0,.tap .dsk,$F2be,%ROOT%/oricatmos,,,oric,,,high,1,.dsk .tap,oricutron,0,1,0,high,,,,,,,,,,,,,,,,,,,,,,,,,,,,,,,,,,,,,,,,,,,,,,,,,,,,,,,,,,,,,,,,,,,,,,,,,oricutron,,,,,,,,,,,,,,,,,,,,,,,,,,,,,,,,,,,,,,,,,,,,,,,,,,,,,,,,,,,,,,,,,,,,,,,,,,,,Oric/Atmos,oricatmos,0,0,,mandatory,no,Tangerine,no,mandatory,1984-01,0,computer,131,abbe867d-295f-45ba-aff0-13aa3bbdf457
0,files:outrun.88,$F29d,%ROOT%/ports/Out Run,1,0,outrun,,,high,1,files:outrun.88,cannonball,0,1,0,high,,,,,,,,,,,,,,,,,,,,,,,,,,,,,,,,,,,,,,,,,,,,,,,,,,,,,,,,,,,,,,,,,,,,,,,,,libretro,,,,,,,,,,,,,,,,,,,,,,,,,,,,,,,,,,,,,,,,,,,,,,,,,,,,,,,,,,,,,,,,,,,,,,,,,,,,Out Run,outrun,0,0,,no,no,port,no,mandatory,1986-09,0,engine,135,19bcd6ec-1c84-4c33-b03b-9a354594c9ae
0,.pqa .img .pdb .prc,$F2bf,%ROOT%/palm,,,palm,,,high,1,.img .pdb .pqa .prc,mu,0,1,0,high,,,,,,,,,,,,,,,,,,,,,,,,,,,,,,,,,,,,,,,,,,,,,,,,,,,,,,,,,,,,,,,,,,,,,,,,,libretro,,,,,,,,,,,,,,,,,,,,,,,,,,,,,,,,,,,,,,,,,,,,,,,,,,,,,,,,,,,,,,,,,,,,,,,,,,,,Palm,palm,0,0,,no,no,Palm,no,mandatory,1996-01,0,handheld,219,5e4703d3-9d8d-4cad-b7dd-c69538e80ccd
0,.zip .m3u .7z .d88 .cmt .t88,$F2c0,%ROOT%/pc88,,,pc88,,,high,1,.d88 .t88 .cmt .m3u .zip .7z,quasi88,0,1,0,high,,,,,,,,,,,,,,,,,,,,,,,,,,,,,,,,,,,,,,,,,,,,,,,,,,,,,,,,,,,,,,,,,,,,,,,,,libretro,,,,,,,,,,,,,,,,,,,,,,,,,,,,,,,,,,,,,,,,,,,,,,,,,,,,,,,,,,,,,,,,,,,,,,,,,,,,NEC PC-88,pc88,0,0,,mandatory,no,NEC,no,optional,1981-11,1,computer,221,07d1d12d-b4bf-45b9-a73a-b16d5954dcb0
0,.zip .d98 .7z .xdf .hdm .2hd .98d .nfd .d88 .hdi .dcp .hdd .nhd .fdi .m3u .dup .thd .fdd .88d .hdn .cmd .tfd,$F2c1,%ROOT%/pc98,,,pc98,,,high,1,.d98 .98d .dcp .fdi .fdd .nfd .2hd .tfd .d88 .88d .hdm .xdf .dup .cmd .hdi .thd .nhd .hdd .hdn .m3u .zip .7z,np2kai,0,1,0,high,,,,,,,,,,,,,,,,,,,,,,,,,,,,,,,,,,,,,,,,,,,,,,,,,,,,,,,,,,,,,,,,,,,,,,,,,libretro,,,,,,,,,,,,,,,,,,,,,,,,,,,,,,,,,,,,,,,,,,,,,,,,,,,,,,,,,,,,,,,,,,,,,,,,,,,,NEC PC-98,pc98,0,1,,mandatory,no,NEC,optional,recommended,1982-10,0,computer,208,15f824eb-3277-4ecf-9cbc-8f09c72a4139
0,.m3u .pce .7z .zip,$F271,%ROOT%/pcengine,,,pcengine,,,high,1,.m3u .pce .zip .7z,mednafen_supergrafx,1,1,0,high,,,high,0,.m3u .pce .zip .7z,mednafen_pce_fast,1,2,0,high,,,high,0,.zip .7z,fbneo,0,3,0,high,,,,,,,,,,,,,,,,,,,,,,,,,,,,,,,,,,,,,,,,,,,,,,,,,,,,,libretro,,,,,,,,,,,,,,,,,,,,,,,,,,,,,,,,,,,,,,,,,,,,,,,,,,,,,,,,,,,,,,,,,,,,,,,,,,,,PC Engine,pcengine,0,0,,no,no,NEC,no,mandatory,1987-10,1,console,31,9e441dae-e416-4648-a6b8-84cb68652406
0,.ccd .m3u .toc .cue .chd,$F273,%ROOT%/pcenginecd,,,pcenginecd,,,high,1,.ccd .chd .cue .m3u .toc,mednafen_supergrafx,1,1,0,high,,,high,0,.ccd .chd .cue .m3u .toc,mednafen_pce_fast,1,2,0,high,,,,,,,,,,,,,,,,,,,,,,,,,,,,,,,,,,,,,,,,,,,,,,,,,,,,,,,,,,,,,,,libretro,,,,,,,,,,,,,,,,,,,,,,,,,,,,,,,,,,,,,,,,,,,,,,,,,,,,,,,,,,,,,,,,,,,,,,,,,,,,PC Engine CD,pcenginecd,0,0,,no,no,NEC,no,mandatory,1988-12,0,console,114,27291bbe-713a-4e2b-a64b-7651f580ad32
0,.toc .ccd .cue .chd,$F2c2,%ROOT%/pcfx,,,pcfx,,,high,1,.cue .ccd .toc .chd,mednafen_pcfx,1,1,0,high,,,,,,,,,,,,,,,,,,,,,,,,,,,,,,,,,,,,,,,,,,,,,,,,,,,,,,,,,,,,,,,,,,,,,,,,,libretro,,,,,,,,,,,,,,,,,,,,,,,,,,,,,,,,,,,,,,,,,,,,,,,,,,,,,,,,,,,,,,,,,,,,,,,,,,,,NEC PC-FX,pcfx,0,0,,no,no,NEC,no,mandatory,1994-12,1,console,72,f5fd45c4-c18e-4279-90f4-321146dd1677
0,.zip .7z .pc2 .wsc .ws,$F2c3,%ROOT%/pcv2,,,pcv2,,,high,1,.ws .wsc .pc2 .zip .7z,mednafen_wswan,0,1,0,high,,,,,,,,,,,,,,,,,,,,,,,,,,,,,,,,,,,,,,,,,,,,,,,,,,,,,,,,,,,,,,,,,,,,,,,,,libretro,,,,,,,,,,,,,,,,,,,,,,,,,,,,,,,,,,,,,,,,,,,,,,,,,,,,,,,,,,,,,,,,,,,,,,,,,,,,Pocket Challenge v2,pcv2,0,0,,no,no,Benesse,no,mandatory,2000-01,0,handheld,237,527ab566-b5af-4139-9653-33634f47615a
0,.zip .7z .pco .gen .md,$F23b,%ROOT%/pico,,,pico,,,high,0,.gen .md .pco .zip .7z,picodrive,0,0,0,high,,,,,,,,,,,,,,,,,,,,,,,,,,,,,,,,,,,,,,,,,,,,,,,,,,,,,,,,,,,,,,,,,,,,,,,,,libretro,,,,,,,,,,,,,,,,,,,,,,,,,,,,,,,,,,,,,,,,,,,,,,,,,,,,,,,,,,,,,,,,,,,,,,,,,,,,Sega Pico,pico,0,0,,no,no,Sega,optional,mandatory,1993-06,0,console,0,4c1990ef-be7d-415c-831b-4f4678b67d0f
0,.p8 .png .zip .7z,$F2c4,%ROOT%/pico8,,,pico8,,,high,1,.p8 .png .zip .7z,retro8,0,1,0,high,,,high,0,.p8 .png .zip .7z,fake08,0,2,0,high,,,,,,,,,,,,,,,,,,,,,,,,,,,,,,,,,,,,,,,,,,,,,,,,,,,,,,,,,,,,,,,libretro,,,,,,,,,,,,,,,,,,,,,,,,,,,,,,,,,,,,,,,,,,,,,,,,,,,,,,,,,,,,,,,,,,,,,,,,,,,,PICO-8,pico8,0,0,,no,no,virtual,no,mandatory,2015-04,0,fantasy,234,4557dd71-973e-4e6f-a329-fd0ffae5c9e5
0,.zip .min,$F268,%ROOT%/pokemini,,,pokemini,,,high,1,.min .zip,pokemini,0,1,0,high,,,,,,,,,,,,,,,,,,,,,,,,,,,,,,,,,,,,,,,,,,,,,,,,,,,,,,,,,,,,,,,,,,,,,,,,,libretro,,,,,,,,,,,,,,,,,,,,,,,,,,,,,,,,,,,,,,,,,,,,,,,,,,,,,,,,,,,,,,,,,,,,,,,,,,,,Pokémon Mini,pokemini,0,0,,no,no,Nintendo,no,mandatory,2001-11,1,handheld,211,1b5da229-54ca-4bf9-9694-e7a5399c723b
0,files:prince.exe,$F2f2,%ROOT%/ports/Prince of Persia,1,0,princeofpersia,,,high,1,files:prince.exe,sdlpop,0,1,0,high,,,,,,,,,,,,,,,,,,,,,,,,,,,,,,,,,,,,,,,,,,,,,,,,,,,,,,,,,,,,,,,,,,,,,,,,,sdlpop,,,,,,,,,,,,,,,,,,,,,,,,,,,,,,,,,,,,,,,,,,,,,,,,,,,,,,,,,,,,,,,,,,,,,,,,,,,,Prince of Persia,princeofpersia,0,1,,no,no,Brøderbund,no,mandatory,1989-10,0,port,135,8b3b9053-463b-4d64-acea-7cd31d126209
0,.prx .pbp .cso .iso .elf,$F274,%ROOT%/psp,,,psp,,,high,1,.cso .elf .iso .pbp .prx,ppsspp,0,1,0,high,,,,,,,,,,,,,,,,,,,,,,,,,,,,,,,,,,,,,,,,,,,,,,,,,,,,,,,,,,,,,,,,,,,,,,,,,ppsspp,,,high,0,.cso .elf .iso .pbp .prx,ppsspp,0,2,0,high,,,,,,,,,,,,,,,,,,,,,,,,,,,,,,,,,,,,,,,,,,,,,,,,,,,,,,,,,,,,,,,,,libretro,Sony Playstation Portable,psp,0,0,,no,no,Sony,no,mandatory,2004-12,1,handheld,61,3036aed7-6c91-49f3-be3d-3be465c002eb
0,.bin .exe .mds .ccd .ecm .m3u .cbn .pbp .toc .img .cue .iso .psexe .psf .mdf .chd,$F275,%ROOT%/psx,,,psx,,,high,1,.bin .cbn .ccd .chd .cue .exe .iso .m3u .mdf .pbp .toc,pcsx_rearmed,0,2,0,high,,,high,0,.ccd .chd .cue .m3u .pbp .toc,mednafen_psx,0,3,0,high,,,high,1,.chd .cue .ecm .exe .img .iso .m3u .mds .pbp .psf .psexe .toc,swanstation,0,5,0,high,,,,,,,,,,,,,,,,,,,,,,,,,,,,,,,,,,,,,,,,,,,,,,,,,,,,,libretro,,,high,0,.bin .chd .cue .ecm .img .iso .m3u .mds .pbp,duckstation,0,6,0,high,,,,,,,,,,,,,,,,,,,,,,,,,,,,,,,,,,,,,,,,,,,,,,,,,,,,,,,,,,,,,,,,,duckstation,Sony Playstation 1,psx,1,0,,no,optional,Sony,no,mandatory,1994-12,1,console,57,3fc6d10e-aec1-41c9-9c84-0da8b0fa26ee
0,.7z .pak .zip,$F2cd,%ROOT%/ports/Quake,1,0,quake,,,high,1,.pak .zip .7z,tyrquake,0,1,0,high,,,,,,,,,,,,,,,,,,,,,,,,,,,,,,,,,,,,,,,,,,,,,,,,,,,,,,,,,,,,,,,,,,,,,,,,,libretro,,,,,,,,,,,,,,,,,,,,,,,,,,,,,,,,,,,,,,,,,,,,,,,,,,,,,,,,,,,,,,,,,,,,,,,,,,,,Quake,quake,1,0,,no,no,IdSoftware,no,mandatory,1996-06,0,engine,135,4517d91e-d886-4e98-85b6-f53bac11e875
0,.7z .pak .zip,$F2ce,%ROOT%/ports/Quake 2,1,0,quake,,,high,1,.pak .zip .7z,vitaquake2,0,1,0,high,,,,,,,,,,,,,,,,,,,,,,,,,,,,,,,,,,,,,,,,,,,,,,,,,,,,,,,,,,,,,,,,,,,,,,,,,libretro,,,,,,,,,,,,,,,,,,,,,,,,,,,,,,,,,,,,,,,,,,,,,,,,,,,,,,,,,,,,,,,,,,,,,,,,,,,,Quake 2,quake2,1,0,,no,no,IdSoftware,no,mandatory,1997-12,0,engine,0,cf34a3a4-b38e-475d-81b5-214ebe6f8d45
0,.7z .zip,$F2d1,%ROOT%/ports/Rick Dangerous,1,1,xrick,,,high,1,.zip .7z,xrick,0,1,0,high,,,,,,,,,,,,,,,,,,,,,,,,,,,,,,,,,,,,,,,,,,,,,,,,,,,,,,,,,,,,,,,,,,,,,,,,,libretro,,,,,,,,,,,,,,,,,,,,,,,,,,,,,,,,,,,,,,,,,,,,,,,,,,,,,,,,,,,,,,,,,,,,,,,,,,,,Rick Dangerous,rickdangerous,1,0,,no,no,Core Design,no,mandatory,1989-01,0,engine,135,ac2e6507-2645-4aba-8fdc-133015973a56
0,.sbt .dsk .sad .mgt,$F2d3,%ROOT%/samcoupe,,,samcoupe,,,high,1,.dsk .mgt .sbt .sad,simcoupe,0,1,0,high,,,,,,,,,,,,,,,,,,,,,,,,,,,,,,,,,,,,,,,,,,,,,,,,,,,,,,,,,,,,,,,,,,,,,,,,,simcoupe,,,,,,,,,,,,,,,,,,,,,,,,,,,,,,,,,,,,,,,,,,,,,,,,,,,,,,,,,,,,,,,,,,,,,,,,,,,,MGT SAM Coupé,samcoupe,0,0,,mandatory,no,MGT,no,mandatory,1989-01,0,computer,213,b2d8800d-a935-4421-b6a1-43aa6daad202
0,.gd3 .zip .smc .7z .bs .sfc .fig .swc,$F2d4,%ROOT%/satellaview,,,satellaview,,,high,1,.bs .fig .gd3 .sfc .smc .swc .zip .7z,snes9x,0,1,1,high,,,high,0,.bs .sfc .smc .zip .7z,mesen_s,0,2,0,high,,,high,1,.bs .sfc .smc .zip .7z,bsnes,0,3,1,high,,,high,0,.bs .sfc .smc .zip .7z,bsneshd,0,4,0,high,,,,,,,,,,,,,,,,,,,,,,,,,,,,,,,,,,,,,,,,,,,libretro,,,,,,,,,,,,,,,,,,,,,,,,,,,,,,,,,,,,,,,,,,,,,,,,,,,,,,,,,,,,,,,,,,,,,,,,,,,,Satellaview,satellaview,1,0,,no,no,Nintendo,no,mandatory,1995-04,1,console,107,99e312bc-7602-4038-a871-e53c17fd1d76
0,.mds .ccd .m3u .cue .iso .chd,$F2d5,%ROOT%/saturn,,,saturn,,,high,1,.ccd .chd .cue .iso .mds .m3u,mednafen_saturn,1,1,0,high,,,high,1,.ccd .chd .cue .iso .mds .m3u,yabasanshiro,0,3,0,high,,,,,,,,,,,,,,,,,,,,,,,,,,,,,,,,,,,,,,,,,,,,,,,,,,,,,,,,,,,,,,,libretro,,,,,,,,,,,,,,,,,,,,,,,,,,,,,,,,,,,,,,,,,,,,,,,,,,,,,,,,,,,,,,,,,,,,,,,,,,,,Sega Saturn,saturn,1,0,,no,recommended,Sega,no,mandatory,1994-11,1,console,22,27be49e9-54df-441b-b66a-5f803d5c4e57
0,.scummvm .residualvm,$F27a,%ROOT%/scummvm,,,scummvm,,,high,1,.scummvm .residualvm,scummvm,0,1,0,high,,,,,,,,,,,,,,,,,,,,,,,,,,,,,,,,,,,,,,,,,,,,,,,,,,,,,,,,,,,,,,,,,,,,,,,,,libretro,,,high,1,.scummvm .residualvm,scummvm,0,2,0,high,,,,,,,,,,,,,,,,,,,,,,,,,,,,,,,,,,,,,,,,,,,,,,,,,,,,,,,,,,,,,,,,,scummvm,ScummVM,scummvm,0,1,,no,no,Ludvig Strigeus,mandatory,mandatory,2001-10,0,engine,123,8f05756d-78f5-4d5e-b207-6dbe2a971739
0,.bin .cart .0 .zip,$F2d6,%ROOT%/scv,,,scv,,,high,1,.0 .bin .cart .zip,emuscv,0,1,0,high,,,,,,,,,,,,,,,,,,,,,,,,,,,,,,,,,,,,,,,,,,,,,,,,,,,,,,,,,,,,,,,,,,,,,,,,,libretro,,,,,,,,,,,,,,,,,,,,,,,,,,,,,,,,,,,,,,,,,,,,,,,,,,,,,,,,,,,,,,,,,,,,,,,,,,,,Super Cassette Vision,scv,0,0,,no,no,Epoch,no,mandatory,1984-07,0,console,67,d4733803-a484-4bc5-9790-1024ec8fd7bb
0,.bin .zip .7z .smd .32x,$F26c,%ROOT%/sega32x,,,sega32x,,,high,1,.32x .bin .smd .zip .7z,picodrive,1,1,0,high,,,,,,,,,,,,,,,,,,,,,,,,,,,,,,,,,,,,,,,,,,,,,,,,,,,,,,,,,,,,,,,,,,,,,,,,,libretro,,,,,,,,,,,,,,,,,,,,,,,,,,,,,,,,,,,,,,,,,,,,,,,,,,,,,,,,,,,,,,,,,,,,,,,,,,,,Sega 32X,sega32x,1,0,,no,no,Sega,no,mandatory,1994-09,1,console,19,1a6fada6-06e7-4e8b-a2b2-375d948df62c
0,.m3u .iso .cue .chd,$F26d,%ROOT%/segacd,,,segacd,,,high,0,.chd .cue .iso .m3u,picodrive,1,1,0,high,,,high,1,.cue .iso .chd,genesisplusgx,1,2,0,high,,,,,,,,,,,,,,,,,,,,,,,,,,,,,,,,,,,,,,,,,,,,,,,,,,,,,,,,,,,,,,,libretro,,,,,,,,,,,,,,,,,,,,,,,,,,,,,,,,,,,,,,,,,,,,,,,,,,,,,,,,,,,,,,,,,,,,,,,,,,,,Sega CD,segacd,1,0,,no,recommended,Sega,no,mandatory,1991-12,1,console,20,bcb385ac-2ead-4183-9750-9630910f37f2
0,.bin .sg .zip .7z .sc,$F269,%ROOT%/sg1000,,,sg1000,,,high,1,.sg .zip .7z,genesisplusgx,1,1,0,high,,,high,0,.bin .sg .zip .7z,gearsystem,1,2,0,high,,,high,0,.zip .7z,fbneo,1,3,0,high,,,high,0,.sc .sg .zip .7z,bluemsx,0,4,0,high,,,high,0,.bin .sc .sg .zip .7z,picodrive,1,4,0,high,,,,,,,,,,,,,,,,,,,,,,,,,,,,,,,,,libretro,,,,,,,,,,,,,,,,,,,,,,,,,,,,,,,,,,,,,,,,,,,,,,,,,,,,,,,,,,,,,,,,,,,,,,,,,,,,Sega SG1000,sg1000,1,0,,no,no,Sega,no,mandatory,1983-07,1,console,109,88db2b3e-89d0-465d-89eb-72fd33b3cd8f
0,.gd3 .zip .bml .smc .7z .gd7 .bs .sfc .dx2 .fig .bsx .swc,$F25e,%ROOT%/snes,,,snes,,,high,1,.fig .gd3 .sfc .smc .swc .7z .zip,snes9x,1,2,1,high,,,high,0,.smc .sfc .swc .fig .bs .7z .zip,mesen_s,1,3,1,low,,,high,1,.smc .sfc .swc .fig .gd3 .gd7 .dx2 .bsx .7z .zip,snes9x2010,1,4,1,high,,,high,1,.smc .sfc .swc .fig .gd3 .gd7 .dx2 .bsx .7z .zip,snes9x2005,1,5,1,high,,,high,1,.smc .sfc .swc .fig .gd3 .gd7 .dx2 .bsx .7z .zip,snes9x2002,1,6,1,high,high,1,.bml .bsx .dx2 .fig .gd3 .gd7 .sfc .smc .swc .7z .zip,bsnes,1,7,1,high,high,0,.smc .sfc .swc .fig .gd3 .gd7 .dx2 .bsx .7z .zip,bsneshd,1,8,1,high,high,0,.fig .sfc .smc .swc .7z .zip,mednafen_supafaust,1,9,0,high,,,,,,,,,libretro,,,,,,,,,,,,,,,,,,,,,,,,,,,,,,,,,,,,,,,,,,,,,,,,,,,,,,,,,,,,,,,,,,,,,,,,,,,,Super Nintendo Entertainment System,snes,1,0,,no,optional,Nintendo,optional,mandatory,1990-11,1,console,4,3df92492-d69a-48f8-8e14-9a62bd9805a6
0,.solarus .zip,$F2d7,%ROOT%/solarus,,,solarus,,,high,1,.zip .solarus,solarus,0,1,0,high,,,,,,,,,,,,,,,,,,,,,,,,,,,,,,,,,,,,,,,,,,,,,,,,,,,,,,,,,,,,,,,,,,,,,,,,,solarus,,,,,,,,,,,,,,,,,,,,,,,,,,,,,,,,,,,,,,,,,,,,,,,,,,,,,,,,,,,,,,,,,,,,,,,,,,,,Solarus,solarus,0,0,,optional,no,Solarus,no,mandatory,2011-12,0,engine,223,c76d8cd6-ebaa-4925-864a-46c84b0dc524
0,.bin .7z .cas .zip,$F2d8,%ROOT%/spectravideo,,,spectravideo,,,high,1,.bin .cas .zip .7z,bluemsx,0,1,0,high,,,,,,,,,,,,,,,,,,,,,,,,,,,,,,,,,,,,,,,,,,,,,,,,,,,,,,,,,,,,,,,,,,,,,,,,,libretro,,,,,,,,,,,,,,,,,,,,,,,,,,,,,,,,,,,,,,,,,,,,,,,,,,,,,,,,,,,,,,,,,,,,,,,,,,,,Spectravideo,spectravideo,0,0,,mandatory,no,Spectravideo,no,recommended,1983-01,0,computer,218,5903388e-2948-4cfa-86b5-79c44a2522c5
0,.gd3 .zip .smc .7z .sfc .fig .st .swc,$F2dd,%ROOT%/sufami,,,sufami,,,high,1,.fig .gd3 .sfc .smc .st .swc .zip .7z,snes9x,1,1,0,high,,,,,,,,,,,,,,,,,,,,,,,,,,,,,,,,,,,,,,,,,,,,,,,,,,,,,,,,,,,,,,,,,,,,,,,,,libretro,,,,,,,,,,,,,,,,,,,,,,,,,,,,,,,,,,,,,,,,,,,,,,,,,,,,,,,,,,,,,,,,,,,,,,,,,,,,SuFami Turbo,sufami,1,0,,no,recommended,Bandai,optional,mandatory,1996-06,1,console,4,d62d89f4-135c-4cf7-9a35-b39a3881c4b5
0,.sgx .pce .ccd .zip .7z .cue .chd,$F272,%ROOT%/supergrafx,,,supergrafx,,,high,1,.ccd .chd .cue .pce .sgx .zip .7z,mednafen_supergrafx,1,1,0,high,,,high,0,.zip .7z,fbneo,0,2,0,high,,,,,,,,,,,,,,,,,,,,,,,,,,,,,,,,,,,,,,,,,,,,,,,,,,,,,,,,,,,,,,,libretro,,,,,,,,,,,,,,,,,,,,,,,,,,,,,,,,,,,,,,,,,,,,,,,,,,,,,,,,,,,,,,,,,,,,,,,,,,,,Supergrafx,supergrafx,0,0,,no,no,NEC,no,mandatory,1989-12,0,console,105,f8929aee-cc80-4e87-8fbb-e03026081318
0,.bin .7z .zip .sv,$F2e0,%ROOT%/supervision,,,supervision,,,high,1,.sv .bin .zip .7z,potator,0,1,0,high,,,,,,,,,,,,,,,,,,,,,,,,,,,,,,,,,,,,,,,,,,,,,,,,,,,,,,,,,,,,,,,,,,,,,,,,,libretro,,,,,,,,,,,,,,,,,,,,,,,,,,,,,,,,,,,,,,,,,,,,,,,,,,,,,,,,,,,,,,,,,,,,,,,,,,,,Watara Supervision,supervision,0,0,,no,no,Watara,no,mandatory,1992-01,1,handheld,207,78a6ec5c-62fd-491e-8683-9ecfb2e96878
0,.sap .m7 .zip .7z .rom .k7 .m5 .fd,$F2e3,%ROOT%/thomson,,,to8,,,high,1,.fd .k7 .m5 .m7 .rom .sap .zip .7z,theodore,1,1,0,high,,,,,,,,,,,,,,,,,,,,,,,,,,,,,,,,,,,,,,,,,,,,,,,,,,,,,,,,,,,,,,,,,,,,,,,,,libretro,,,,,,,,,,,,,,,,,,,,,,,,,,,,,,,,,,,,,,,,,,,,,,,,,,,,,,,,,,,,,,,,,,,,,,,,,,,,Thomson,thomson,0,0,,mandatory,no,Thomson,optional,recommended,1982-11,0,computer,141,9d11b8ff-9ecd-4e45-8e39-2e2f44f21353
0,.ctg,$F2f3,%ROOT%/ti994a,,,ti994a,,,high,1,.ctg,ti99sim,0,1,0,high,,,,,,,,,,,,,,,,,,,,,,,,,,,,,,,,,,,,,,,,,,,,,,,,,,,,,,,,,,,,,,,,,,,,,,,,,ti99sim,,,,,,,,,,,,,,,,,,,,,,,,,,,,,,,,,,,,,,,,,,,,,,,,,,,,,,,,,,,,,,,,,,,,,,,,,,,,Texas Instrument TI-99/4A,ti994a,0,0,,mandatory,no,Texas Instrument,optional,optional,1981-06,0,computer,205,65338078-f443-4f5f-aaee-9ea7ffee9c32
1,.tic .7z .zip,$F2e4,%ROOT%/tic80,,,tic80,,,high,1,.tic .zip .7z,tic80,1,1,0,high,,,,,,,,,,,,,,,,,,,,,,,,,,,,,,,,,,,,,,,,,,,,,,,,,,,,,,,,,,,,,,,,,,,,,,,,,libretro,,,,,,,,,,,,,,,,,,,,,,,,,,,,,,,,,,,,,,,,,,,,,,,,,,,,,,,,,,,,,,,,,,,,,,,,,,,,TIC-80,tic80,1,0,,no,no,port,no,mandatory,2017-09,0,fantasy,222,e2e512b0-f929-4f7b-b5f0-1cbca9757a24
0,.cas .bas .dmk .jvc .rom .os9 .dsk .asc .c10 .vdk .wav .ccc,$F2f4,%ROOT%/trs80coco,,,trs80coco,,,high,1,.c10 .cas .wav .bas .asc .dmk .jvc .os9 .dsk .vdk .rom .ccc,xroar,0,1,0,high,,,,,,,,,,,,,,,,,,,,,,,,,,,,,,,,,,,,,,,,,,,,,,,,,,,,,,,,,,,,,,,,,,,,,,,,,xroar,,,,,,,,,,,,,,,,,,,,,,,,,,,,,,,,,,,,,,,,,,,,,,,,,,,,,,,,,,,,,,,,,,,,,,,,,,,,TRS-80 Color Computer,trs80coco,0,0,,mandatory,no,Tandy,optional,optional,1980-09,0,computer,144,879b19fb-0eb4-484f-b34c-f2253dcc148c
1,.uze .7z .zip,$F2e6,%ROOT%/uzebox,,,uzebox,,,high,1,.uze .zip .7z,uzem,0,1,0,high,,,,,,,,,,,,,,,,,,,,,,,,,,,,,,,,,,,,,,,,,,,,,,,,,,,,,,,,,,,,,,,,,,,,,,,,,libretro,,,,,,,,,,,,,,,,,,,,,,,,,,,,,,,,,,,,,,,,,,,,,,,,,,,,,,,,,,,,,,,,,,,,,,,,,,,,Uzebox,uzebox,0,0,,no,no,port,no,mandatory,2007-01,0,console,216,b4fcdcbf-7331-4fdd-a4d9-635f1051e818
1,.bin .7z .vec .zip,$F240,%ROOT%/vectrex,,,vectrex,,,high,1,.vec .bin .zip .7z,vecx,0,1,0,high,,,,,,,,,,,,,,,,,,,,,,,,,,,,,,,,,,,,,,,,,,,,,,,,,,,,,,,,,,,,,,,,,,,,,,,,,libretro,,,,,,,,,,,,,,,,,,,,,,,,,,,,,,,,,,,,,,,,,,,,,,,,,,,,,,,,,,,,,,,,,,,,,,,,,,,,Vectrex,vectrex,0,0,,no,no,MB,no,mandatory,1982-11,1,console,102,7e8cd112-54be-43d4-9fec-e3c8e4238ade
0,.k7,$F289,%ROOT%/vg5000,,,vg5000,,,high,0,.k7,rb5000,0,0,0,high,,,,,,,,,,,,,,,,,,,,,,,,,,,,,,,,,,,,,,,,,,,,,,,,,,,,,,,,,,,,,,,,,,,,,,,,,rb5000,,,,,,,,,,,,,,,,,,,,,,,,,,,,,,,,,,,,,,,,,,,,,,,,,,,,,,,,,,,,,,,,,,,,,,,,,,,,Philips VG 5000,vg5000,0,0,,mandatory,no,Philips,no,recommended,1984-09,0,computer,261,382f194d-b670-4c8f-b56c-f6f74ce87b3b
0,.bin .60 .d64 .40 .zip .prg .m3u .7z .20 .b0 .70 .tap .a0 .crt,$F2e7,%ROOT%/vic20,,,vic20,,,high,1,.20 .40 .60 .70 .a0 .b0 .bin .crt .prg .m3u .d64 .tap .zip .7z,vice_xvic,0,1,0,high,,,,,,,,,,,,,,,,,,,,,,,,,,,,,,,,,,,,,,,,,,,,,,,,,,,,,,,,,,,,,,,,,,,,,,,,,libretro,,,,,,,,,,,,,,,,,,,,,,,,,,,,,,,,,,,,,,,,,,,,,,,,,,,,,,,,,,,,,,,,,,,,,,,,,,,,Commodore VIC-20,vic20,0,0,,mandatory,no,Commodore,optional,optional,1980-06,0,computer,73,3fe144d4-d7ee-4807-a175-6da778cb58d7
0,.bin .7z .zip,$F2e8,%ROOT%/videopacplus,,,videopacplus,,,high,1,.bin .zip .7z,o2em,0,1,0,high,,,,,,,,,,,,,,,,,,,,,,,,,,,,,,,,,,,,,,,,,,,,,,,,,,,,,,,,,,,,,,,,,,,,,,,,,libretro,,,,,,,,,,,,,,,,,,,,,,,,,,,,,,,,,,,,,,,,,,,,,,,,,,,,,,,,,,,,,,,,,,,,,,,,,,,,Videopac+ G7400,videopacplus,0,0,,mandatory,no,Philips,no,mandatory,1983-11,1,console,104,cfb3e1d1-536d-40e8-bacd-9f92c79b9d5f
0,.bin .zip .7z .vb .vboy,$F25f,%ROOT%/virtualboy,,,virtualboy,,,high,1,.vb .vboy .bin .zip .7z,mednafen_vb,0,1,0,high,,,,,,,,,,,,,,,,,,,,,,,,,,,,,,,,,,,,,,,,,,,,,,,,,,,,,,,,,,,,,,,,,,,,,,,,,libretro,,,,,,,,,,,,,,,,,,,,,,,,,,,,,,,,,,,,,,,,,,,,,,,,,,,,,,,,,,,,,,,,,,,,,,,,,,,,Virtual Boy,virtualboy,0,0,,no,no,Nintendo,no,mandatory,1995-07,1,console,11,eb15012b-8411-444f-b4f8-f36fd73aaf7d
1,.wasm,$F287,%ROOT%/wasm4,,,wasm4,,,high,1,.wasm,wasm4,1,1,0,high,,,,,,,,,,,,,,,,,,,,,,,,,,,,,,,,,,,,,,,,,,,,,,,,,,,,,,,,,,,,,,,,,,,,,,,,,libretro,,,,,,,,,,,,,,,,,,,,,,,,,,,,,,,,,,,,,,,,,,,,,,,,,,,,,,,,,,,,,,,,,,,,,,,,,,,,WASM-4,wasm4,0,0,,optional,no,Bruno Garcia,optional,mandatory,2021-08,1,fantasy,262,359c1df6-6e2d-426f-87e1-d2e2092177a7
0,.exe .7z .pk3 .zip,$F2eb,%ROOT%/ports/Wolfenstein 3D,1,0,wolfenstein3d,,,high,1,.pk3 .exe .zip .7z,ecwolf,0,1,0,high,,,,,,,,,,,,,,,,,,,,,,,,,,,,,,,,,,,,,,,,,,,,,,,,,,,,,,,,,,,,,,,,,,,,,,,,,libretro,,,,,,,,,,,,,,,,,,,,,,,,,,,,,,,,,,,,,,,,,,,,,,,,,,,,,,,,,,,,,,,,,,,,,,,,,,,,Wolfenstein 3D,wolfenstein3d,1,0,,no,no,IdSoftware,no,mandatory,1992-05,0,engine,135,35cf6db7-646b-4b81-aa79-38f0494b9bc6
0,.zip .7z .pc2 .wsc .ws,$F25a,%ROOT%/wswan,,,wonderswan,,,high,1,.ws .wsc .pc2 .zip .7z,mednafen_wswan,0,1,1,high,,,,,,,,,,,,,,,,,,,,,,,,,,,,,,,,,,,,,,,,,,,,,,,,,,,,,,,,,,,,,,,,,,,,,,,,,libretro,,,,,,,,,,,,,,,,,,,,,,,,,,,,,,,,,,,,,,,,,,,,,,,,,,,,,,,,,,,,,,,,,,,,,,,,,,,,WonderSwan,wswan,0,0,,no,no,Bandai,no,mandatory,1999-03,1,handheld,45,02728654-fa4f-49f9-981a-e5e6d9c0adba
0,.zip .7z .pc2 .wsc .ws,$F25b,%ROOT%/wswanc,,,wonderswancolor,,,high,1,.ws .wsc .pc2 .zip .7z,mednafen_wswan,0,1,1,high,,,,,,,,,,,,,,,,,,,,,,,,,,,,,,,,,,,,,,,,,,,,,,,,,,,,,,,,,,,,,,,,,,,,,,,,,libretro,,,,,,,,,,,,,,,,,,,,,,,,,,,,,,,,,,,,,,,,,,,,,,,,,,,,,,,,,,,,,,,,,,,,,,,,,,,,WonderSwan Color,wswanc,0,0,,no,no,Bandai,no,mandatory,2000-12,1,handheld,46,d4df80e5-fec8-4485-8b4d-a39f30c14e02
0,.88d .2d .2hd .zip .m3u .7z .d88 .dup .xdf .cmd .hdm .tfd .dx1,$F2ec,%ROOT%/x1,,,x1,,,high,1,.2d .2hd .88d .cmd .d88 .dx1 .dup .hdm .m3u .tfd .xdf .zip .7z,x1,0,1,0,high,,,,,,,,,,,,,,,,,,,,,,,,,,,,,,,,,,,,,,,,,,,,,,,,,,,,,,,,,,,,,,,,,,,,,,,,,libretro,,,,,,,,,,,,,,,,,,,,,,,,,,,,,,,,,,,,,,,,,,,,,,,,,,,,,,,,,,,,,,,,,,,,,,,,,,,,Sharp X1,x1,0,0,,recommended,no,Sharp,no,mandatory,1982-01,0,computer,220,c2adcca8-96a1-4ca4-bdea-645c2ac99d3e
0,.88d .2hd .hdf .zip .dim .m3u .img .d88 .7z .dup .xdf .cmd .hdm,$F2ed,%ROOT%/x68000,,,x68000,,,high,1,.2hd .88d .cmd .dim .d88 .dup .hdf .hdm .img .m3u .xdf .zip .7z,px68k,0,1,0,high,,,,,,,,,,,,,,,,,,,,,,,,,,,,,,,,,,,,,,,,,,,,,,,,,,,,,,,,,,,,,,,,,,,,,,,,,libretro,,,,,,,,,,,,,,,,,,,,,,,,,,,,,,,,,,,,,,,,,,,,,,,,,,,,,,,,,,,,,,,,,,,,,,,,,,,,Sharp X68000,x68000,0,0,,recommended,no,Sharp,optional,mandatory,1987-01,0,computer,79,4ad3d91a-b6d1-4463-a595-58f9eba95b00
0,.z4 .zip .z2 .z3 .z5 .z1 .z7 .dat .z8 .7z .z6,$F288,%ROOT%/zmachine,,,zmachine,,,high,0,.dat .z1 .z2 .z3 .z4 .z5 .z6 .z7 .z8,frotz,0,0,0,high,,,,,,,,,,,,,,,,,,,,,,,,,,,,,,,,,,,,,,,,,,,,,,,,,,,,,,,,,,,,,,,,,,,,,,,,,frotz,,,high,0,.dat .zip .z1 .z3 .7z,mojozork,0,1,0,high,,,,,,,,,,,,,,,,,,,,,,,,,,,,,,,,,,,,,,,,,,,,,,,,,,,,,,,,,,,,,,,,,libretro,Infocom Z-Machine,zmachine,0,0,,mandatory,no,Infocom,no,optional,1979-01,0,engine,215,6ccfd226-39bb-4630-970b-faeb97cd86bc
0,.zip .7z .t81 .tzx .p,$F250,%ROOT%/zx81,,,zx81,,,high,1,.p .t81 .tzx .zip .7z,81,0,1,0,high,,,,,,,,,,,,,,,,,,,,,,,,,,,,,,,,,,,,,,,,,,,,,,,,,,,,,,,,,,,,,,,,,,,,,,,,,libretro,,,,,,,,,,,,,,,,,,,,,,,,,,,,,,,,,,,,,,,,,,,,,,,,,,,,,,,,,,,,,,,,,,,,,,,,,,,,ZX81,zx81,0,0,,mandatory,no,Sinclair,no,no,1981-03,0,computer,77,7f9da90c-5a4b-475d-a9c2-efdbfc0d9d6f
0,.csw .slt .scl .z80 .zip .trd .7z .tzx .rzx .dsk .szx .tap,$F251,%ROOT%/zxspectrum,,,zxspectrum,,,high,1,.csw .dsk .rzx .scl .slt .szx .tap .trd .tzx .z80 .zip .7z,fuse,0,1,0,high,,,high,0,.zip .7z,fbneo,0,2,0,high,,,,,,,,,,,,,,,,,,,,,,,,,,,,,,,,,,,,,,,,,,,,,,,,,,,,,,,,,,,,,,,libretro,,,,,,,,,,,,,,,,,,,,,,,,,,,,,,,,,,,,,,,,,,,,,,,,,,,,,,,,,,,,,,,,,,,,,,,,,,,,ZXSpectrum,zxspectrum,0,0,,optional,no,Sinclair,no,mandatory,1982-04,0,computer,76,c5e8f901-97e8-478f-a32f-61f49d071071
